,Name,brand,ratings,volume_price
0,리얼 히알루로닉 블루 100 토너 패드,웰라쥬,4.66,"210ml / 24,000원"
1,DAC2 알래스카 엘엠더블유 히알루로닉 토너,닥터릴리프,4.59,"205ml / 39,000원"
2,파워 10 포뮬라 엘아이 젤리 패드 감초줄렌,잇츠스킨,4.73,"70ea / 22,000원"
3,캐롯 카로틴 카밍 워터 패드,스킨푸드,4.55,"60ea / 26,000원"
4,참마 보습 토너,디옴,4.62,"300g / 27,000원"
5,워터풀 히알루론산 토너,주미소,4.56,"250ml / 20,000원"
6,펩타이드 크림 스킨 모이스처라이징 토너,랩클,4.56,"150ml / 35,000원"
7,컬러 푸드 시리즈 레드 레미디 토너,투비건,4.52,"150ml / 35,000원"
8,센텔라 목화솜 토너패드,웰스킨,4.51,"70ea / 22,000원"
9,그린 플라보노이드 2.5 패드,더랩 바이 블랑두,4.57,"90ea / 23,000원"
10,시카마누 순면 클리어패드,파넬,4.51,"70ea / 31,000원"
11,타임리스 에센스 스킨,코스톡,4.53,"200ml / 33,000원"
12,원더 세라마이드 모찌 토너 패드,토니모리,4.49,"70ea / 22,000원"
13,원 샷 케이프 알로에,낫씨백,4.43,"250ml / 19,000원"
14,비타씨플러스 잡티씨 앰플 패드,미샤,4.51,"70ea / 25,000원"
15,리더스 카밍 바이오틱스 에센스 워터,리더스코스메틱,4.49,"150ml / 25,000원"
16,시카치드 칠링 패드,니들리,4.48,"70ea / 25,000원"
17,119 스마트 시카 패드,클라랩,4.46,"60ea / 34,000원"
18,청자몽 맑은 피부 수분 패드,딸로,4.44,"60ea / 32,000원"
19,아쿠아 피토플렉스 크림 인 토너,아이레시피,4.44,"120ml / 20,000원"
20,인텐시브 리파이닝 에멀젼,라보드레,4.54,"50ml / 33,000원"
21,아토베리어 365 로션,에스트라,4.43,"150ml / 28,000원"
22,아토베리어 로션,에스트라,4.38,"200ml / 35,000원"
23,인텐시브 로션,제로이드,4.31,"200ml / 36,000원"
24,세라마이드 하이드라 플루이드,라포티셀,4.3,"125ml / 36,000원"
25,레드수딩 AI 로션,피지오겔,4.32,"200ml / 35,000원"
26,오일 스무딩 로션,일리윤,4.25,"350ml / 19,900원"
27,그린티 약산성 에센스 로션,라운드어라운드,4.47,"220ml / 23,000원"
28,크리미 모이스춰라이저 딥 모이스트,빌리프,4.2,"125ml / 40,000원"
29,더 심플 데일리 로션,싸이닉,4.11,"145ml / 18,000원"
30,어린쑥 수분진정 플루이드,한율,4.08,"125ml / 26,000원"
31,밀키 모이스춰라이저 하이드라 밸런싱,빌리프,4.15,"125ml / 44,000원"
32,데일리리페어 모이스처라이저,닥터벨머,4.1,"120ml / 20,000원"
33,워터풀 스킨베리어 로센스,닥터뉴엘,4.09,"150ml / 24,000원"
34,슈퍼바이탈 에멀젼,아이오페,4.35,"150ml / 60,000원"
35,하이드로 인텐시브 모이스쳐라이징 에멀젼,잇퍼,4.08,"100ml / 21,000원"
36,레드 블레미쉬 멀티 플루이드,닥터지,4.05,"100ml / 95,000원"
37,굳세라 수퍼 세라마이드 에멀젼,홀리카홀리카,4.06,"130ml / 17,000원"
38,트릭세라 뉴트리 플루이드 로션,아벤느,4.1,"200ml / 33,000원"
39,아쿠아볼릭 에센셜 에멀젼,헤라,4.09,"120ml / 45,000원"
40,자음생세럼,설화수,4.65,"50ml / 220,000원"
41,마이크로 에센스,에스티 로더,4.64,"200ml / 142,000원"
42,알쓰리 리페어 컨센트레이트 세럼,더라퓨즈,4.66,"35ml / 88,000원"
43,폴리페놀 인 프로폴리스 15% 앰플,바이위시트렌드,4.54,"30ml / 32,000원"
44,로즈 하이드라 글로리 앰플,마몽드,4.63,"50ml / 36,000원"
45,아토베리어 365 하이드로 에센스,에스트라,4.48,"150ml / 25,000원"
46,플로우 셀코드 세럼,코이,4.51,"50ml / 62,000원"
47,파워 10 포뮬라 엘아이 이펙터 감초줄렌,잇츠스킨,4.55,"30ml / 14,000원"
48,리더스 퍼스트 샷 액티브 에센스 에이지 컨트롤,리더스코스메틱,4.52,"150ml / 34,000원"
49,타임 레볼루션 나이트 리페어 앰플 5X,미샤,4.45,"70ml / 44,000원"
50,트리플 케어 수영장 앰플,이퀄베리,4.47,"50ml / 35,000원"
51,안티옥시던트 래디언스 앰플,브이앤에이,4.46,"50ml / 52,000원"
52,하이드라 앰플 Ⅱ,나인위시스,4.52,"30ml / 19,500원"
53,프로폴리스 트리트먼트 앰플 에센스,CNP,4.52,"150ml / 38,000원"
54,병풀 세럼,원씽,4.42,"80ml / 25,600원"
55,브이 코어텍틴 앰플,브이앤코,4.44,"40ml / 45,000원"
56,자음생앰플,설화수,4.49,"20g / 130,000원"
57,스템로드 펩타이드 링클케어 시스템 에센스,웰스킨,4.44,"35ml / 90,000원"
58,청자몽 맑은 피부 잡티 세럼,딸로,4.42,"30ml / 44,000원"
59,비노 얼티밋 세럼,제이플리,4.4,"60ml / 48,000원"
60,노르딕 버치 에너지 아이밤,시메스,4.76,"10ml / 19,500원"
61,비건 카밍 순수 페이셜 크림,비달리,4.7,"60ml / 42,000원"
62,자음생크림 소프트,설화수,4.67,"60ml / 270,000원"
63,인테카 수딩 크림,메이크프렘,4.59,"80ml / 32,000원"
64,워터풀 히알루론산 크림,주미소,4.59,"50g / 24,000원"
65,리얼 시카 카밍 95 크림,웰라쥬,4.57,"80ml / 28,000원"
66,노르딕 버치 딥 모이스처 크림,시메스,4.57,"50ml / 28,000원"
67,리바이탈라이징 수프림 플러스 유스 파워 크림,에스티 로더,4.77,"50ml / 150,000원"
68,브이 코어텍틴 크림,브이앤코,4.56,"50g / 30,000원"
69,세이프 미 릴리프 워터리 크림,메이크프렘,4.55,"80ml / 28,000원"
70,프로바이오틱 아이크림,퍼스트랩,4.51,"30ml / 55,000원"
71,피디알앤 재생크림,제나벨,4.52,"70ml / 30,000원"
72,컬러 푸드 시리즈 그린 글로우업 크림,투비건,4.48,"50ml / 45,000원"
73,아토덤 인텐시브 밤,바이오더마,4.49,"200ml / 29,000원"
74,청자몽 맑은 피부 진정 크림,딸로,4.46,"50ml / 46,000원"
75,아토베리어 365 하이드로 수딩크림,에스트라,4.45,"60ml / 30,000원"
76,톡톡 수딩 아쿠아 크림,코스톡,4.43,"70ml / 28,000원"
77,유스 래스팅 리얼 아이크림 포 페이스,AHC,4.49,"30ml / 20,000원"
78,어드밴스드 나이트 리페어 아이 컨센트레이트 매트릭스,에스티 로더,4.43,"15ml / 105,000원"
79,프레스티지 펩타이드20 크림,랩클,4.43,"50ml / 60,000원"
80,화이트 트러플 프리미엄 인텐시브 세럼,달바,4.53,"100ml / 46,000원"
81,콤부차 결바이옴 미스트,엘리샤코이,4.43,"100ml / 25,000원"
82,브이 코어텍틴 미스트,브이앤코,4.43,"150ml / 25,000원"
83,굳세라 수퍼 세라마이드 미스트,홀리카홀리카,4.32,"120ml / 15,000원"
84,미스 플라워 앤 미스터 허니 프로폴리스 리쥬비네이팅 앰플 미스트,바닐라코,4.44,"99ml / 25,000원"
85,어린쑥 수분진정 미스트,한율,4.34,"150ml / 25,000원"
86,펀더멘탈 앰플 미스트,디어클레어스,4.28,"125ml / 28,000원"
87,아쿠아 피토플렉스 크림 인 토너 미스트,아이레시피,4.58,"60ml / 15,000원"
88,크림 스킨 미스트,라네즈,4.25,"120ml / 25,000원"
89,화이트 트러플 바이탈 스프레이 세럼,달바,4.29,"100ml / 29,000원"
90,프로폴리스 앰플 미스트,CNP,4.2,"100ml / 15,000원"
91,닥터솔루션 노르데나우 워터 미스트,케어존,4.25,"120ml / 15,000원"
92,화이트 트러플 퍼스트 스프레이 세럼,달바,4.15,"100ml / 29,000원"
93,밤부 퍼펙트 토너 미스트,옵스킨,4.17,"100ml / 30,000원"
94,콜라겐 미스트앰플,가히,4.2,"100ml / 49,000원"
95,안티더스트 배리어 미스트,레드투래드,4.23,"55ml / 13,900원"
96,히아루론산 워터 미스트,이즈앤트리,4.15,"100ml / 16,500원"
97,하이드로 마피아 부스터,모브판타스틱에버,4.18,"50ml / 22,000원"
98,시크릿 에센스 미스트,숨37˚,4.14,"60ml*2 / 45,000원"
99,보떼 이니샬 에너자이징 멀티 프로텍션 컨센트레이트 스프레이 쎄럼,샤넬,4.17,"50ml / 130,000원"
100,윌 프로디쥬스 멀티 플로럴 오일,눅스,4.51,"100ml / 49,000원"
101,100% 퓨어 호호바 오일,데저트에센스,4.45,"118ml / 26,900원"
102,호호바 오일,티르티르,4.44,"30ml / 20,000원"
103,더 블랙티 런던 클래식 오일,토니모리,4.37,"30ml / 30,000원"
104,오가닉 호호바 오일,데저트에센스,4.36,"118ml / 26,900원"
105,100% 퓨어 유기농 호호바 오일,나우푸드,4.28,"118ml / 14,000원"
106,프리미엄 호호바 오일,시드물,4.31,"100ml / 16,300원"
107,자연산 냉압착 호호바 오일,시드물,4.23,"12ml / 6,500원"
108,골든 글로우 페이스 오일,아이오페,4.25,"40ml / 42,000원"
109,굳세라 수퍼 세라마이드 에센셜 오일,홀리카홀리카,4.25,"40ml / 20,000원"
110,티트리 100 오일,에센허브,4.26,"10ml / 20ml / 38,000원"
111,화이트 트러플 세럼 인 오일 드롭,네오젠 더마로지,4.18,"50ml / 28,000원"
112,비건 뷰티 오일,허블룸,4.17,"30ml / 36,000원"
113,스킨 이센셜즈 배리어 리페어 페이스 오일,로벡틴,4.2,"30ml / 39,000원"
114,냉압착 비정제 호호바 오일,시드물,4.19,"100ml / 16,300원"
115,아쿠아수르스 매직 젤 오일,비오템,4.22,"50ml / 68,000원"
116,액티브-브이 퍼스트 오일,리얼베리어,4.15,"35g / 38,000원"
117,달빛유자 페이스 오일,한율,4.12,"30ml / 38,000원"
118,슈퍼 12 바운스 씬 오일,쥴라이,4.14,"30ml / 43,000원"
119,100% 오가닉 냉압축 로즈힙 오일,디 오디너리,4.18,"30ml / 12,100원"
120,스테이 글로우 쿠션,비프로젝트,4.47,"12g*2 / 53,000원"
121,퓨어 카밍 시카 쿠션,바이애콤,4.33,"15g*2 / 36,000원"
122,블랙 쿠션 [SPF34/PA++],헤라,4.27,"15g*2 / 60,000원"
123,디자이너 리프트 파운데이션,조르지오아르마니,4.41,"30ml / 89,000원"
124,땡 꾸뛰르 쿠션,지방시 뷰티,4.31,"13g / 77,000원"
125,퍼펙팅 파운데이션 [SPF17/PA+],설화수,4.21,"35ml / 70,000원"
126,킬커버 뉴매트 파운데이션 [SPF20/PA++],클리오,4.29,"38g / 32,000원"
127,퍼펙팅 쿠션 [SPF50+/PA+++],설화수,4.28,"15g*2 / 75,000원"
128,글로우 쿠션 라이트 [SPF37/PA+++],미샤,4.25,"13g / 25,000원"
129,플로리스 피니쉬 쿠션 파운데이션 [SPF24/PA++],엘리자베스아덴,4.23,"12g / 57,000원"
130,윙크 파운데이션 팩트 [SPF50+/PA+++],자빈드서울,4.17,"15g / 28,000원"
131,자생 퍼펙트 쿠션 [SPF50+/PA++++],동인비,4.2,"15g*2 / 55,000원"
132,인텐시브 스킨 세럼 쿠션 파운데이션 [SPF40/PA++++],바비브라운,4.29,"12g / 79,000원"
133,레이어드 핏 쿠션 [SPF50+/PA+++],네이밍,4.33,"12g / 28,000원"
134,트루 핏 픽서 쿠션 [SPF50+/PA+++],더샘,4.3,"15g / 20,000원"
135,블룸 파운데이션 팩트 [SPF50+/PA+++],자빈드서울,4.2,"13.5g / 30,000원"
136,스테이 쿠션 [SPF40/PA++],미샤,4.19,"15g / 25,000원"
137,블랙 파운데이션 [SPF15/PA+],헤라,4.12,"35ml / 60,000원"
138,비건 클린 순수 커버 쿠션 [SPF38/PA++],웨이크메이크,4.23,"12g*2 / 38,000원"
139,마스터클래스 래디언트 쿠션 [SPF50+/PA+++],정샘물,4.23,"15g*2 / 53,000원"
140,울트라 HD 파우더,메이크업포에버,4.55,"8.5g / 54,000원"
141,울트라 HD 프레스드 파우더,메이크업포에버,4.54,"6.2g / 54,000원"
142,라스트 세범 팩트,삐아,4.45,"7g / 11,000원"
143,매치 퍼펙션 실키 루즈 페이스 파우더,림멜,4.44,"10g / 17,000원"
144,포어 블러 파우더,이니스프리,4.39,"11g / 15,000원"
145,에어 핏 파우더 팩트,이글립스,4.39,"8g / 8,500원"
146,블러 파우더 팩트,어바웃톤,4.39,"9g / 10,000원"
147,프라임 프라이머 피니시 파우더,바닐라코,4.34,"12g / 22,000원"
148,미네랄 피니싱 파우더,로라메르시에,4.41,"12g / 49,000원"
149,루스 세팅 파우더,로라메르시에,4.32,"29g / 56,000원"
150,피치뽀송 멀티 피니시 파우더,스킨푸드,4.29,"5g / 6,500원"
151,노세범 미네랄 파우더,이니스프리,4.33,"5g / 7,000원"
152,라이트 리플렉팅 루스 세팅 파우더,나스,4.36,"10g / 53,000원"
153,미네랄 100 HD 파우더,어퓨,4.26,"5.5g / 7,000원"
154,샘물 퍼펙트 포어 팩트,더샘,4.23,"12g / 8,000원"
155,에어리 팟 팩트,미샤,4.24,"5g / 12,000원"
156,닥터트럽 피지제로 센텔라파우더,시드물,4.27,"5g / 12,800원"
157,프리즘 리브르,지방시 뷰티,4.28,"3g*4 / 82,000원"
158,뿌숭뿌숭 파우더 팩트,미팩토리,4.3,"9g / 7,800원"
159,미네랄 파우더 [SPF15],로라메르시에,4.33,"9.6g / 61,000원"
160,소프트 매트 컴플리트 컨실러,나스,4.4,"6.2g / 40,000원"
161,롱래스팅 팁 컨실러 [SPF34/PA++],루나,4.46,"7g / 15,000원"
162,래디언트 크리미 컨실러,나스,4.27,"6ml / 40,000원"
163,커버 퍼펙션 픽실러 [SPF30/PA++],더샘,4.26,"6.5g / 6,000원"
164,스튜디오 컨실러 앤 코렉트 팔레트,맥,4.29,"6g / 46,000원"
165,더블 롱웨어 커버 컨실러,페리페라,4.16,"5.5g / 6,000원"
166,디파이닝 커버 컨실러,웨이크메이크,4.15,"9g / 15,000원"
167,플로리스 크리미 컨실러,유이라,4.4,"6.9g / 18,000원"
168,스튜디오 컨실러 [SPF30+/PA++],더샘,4.11,"5.5g / 14,000원"
169,더블웨어 플로리스 컨실러,에스티 로더,4.14,"7ml / 42,000원"
170,풀 커버,메이크업포에버,4.11,"15ml / 42,000원"
171,하드커버 리퀴드 컨실러 [SPF30/PA++],홀리카홀리카,4.08,"7g / 11,000원"
172,마이 컨실러 [다크서클 커버],이니스프리,3.99,"7g / 10,000원"
173,스틱 컨실러,나스,4.01,"2g / 35,000원"
174,르 크레용 컨실러 펜슬,파리 베를린,4.01,"1.5g / 13,000원"
175,더마 웨어 컨실러 [SPF30/PA++],더샘,3.97,"10g / 10,000원"
176,시크릿 카뮤플라지,로라메르시에,4.06,"5.92g / 50,000원"
177,프로 롱웨어 컨실러,맥,4.02,"9ml / 33,000원"
178,커버 크레용,슈에무라,4.01,"13ml / 31,000원"
179,캐머플라지 크림 컨실러,캐트리스,4.05,"3g / 6,500원"
180,워터 메이크업 베이스 [SPF50+/PA++++],3CE,4.41,"45ml / 25,000원"
181,프라이밍 에센스 래디언스 레이어,헉슬리,4.3,"30ml / 43,000원"
182,워터 스플래쉬 톤업 쿠션 [SPF50+/PA+++],에스쁘아,4.33,"13g / 23,000원"
183,아이리스 페이스 프라이머,이든 미네랄,4.29,"26ml / 42,000원"
184,에어리 파우더 프라이머,헤라,4.15,"8.5g / 60,000원"
185,래디언스 프라이머 [SPF35/PA+++],나스,4.17,"30ml / 50,000원"
186,울트라 블러링 세럼 프라이머,자트인사이트,4.12,"30ml / 18,000원"
187,피치 스킨 피팅 베이스 [SPF41/PA++++],에스쁘아,4.13,"30ml / 28,000원"
188,메이크업 베이스,RMK,4.09,"30ml / 46,000원"
189,로르 래디언스 베이스,겔랑,4.03,"30ml / 99,000원"
190,쓰리 엣지 글로우 베이스,더샘,4.02,"30ml / 18,000원"
191,모이스트 레이어링 스타터 [골드 토핑],미샤,4.14,"30ml / 16,000원"
192,피지쏙 T존 베이스,에뛰드,4.03,"12ml / 9,500원"
193,탑 시크릿 인스턴트 모이스처 글로우,입생로랑 뷰티,4.05,"40ml / 69,000원"
194,M. 하이드로 프라이머,코드글로컬러,4.02,"30ml / 20,000원"
195,글로우 스킨밤,미샤,3.99,"50ml / 18,000원"
196,밀착 톤데이션 [SPF50+/PA+++],지베르니,3.93,"30ml / 25,000원"
197,플루이드 마스터 프라이머,조르지오아르마니,4.04,"30ml / 75,000원"
198,더 포어페셔널,베네피트,3.89,"22ml / 46,000원"
199,르 블랑 라 바즈 브라이트닝 메이크업 베이스 [SPF40/PA+++],샤넬,4.03,"30ml / 73,000원"
200,아쿠아 블레미쉬 커버 밤,피몽쉐,4.23,"50ml / 65,000원"
201,결 고운 비비크림 [SPF46/PA++],토니모리,4.09,"50g / 28,000원"
202,BB 크림 [SPF20],에르보리앙,4.1,"45ml / 40,000원"
203,더메이크업 디스어포어 뷰티 밤 [SPF30/PA++],닥터자르트,4.16,"50ml / 32,000원"
204,M 초보양 비비 크림 [SPF30/PA++],미샤,3.98,"50ml / 27,000원"
205,M 퍼펙트 블랑 비비 [SPF50+/PA+++],미샤,3.92,"40ml / 20,000원"
206,커버 비비크림 [SPF50+/PA+++],한율,4.18,"40ml / 30,000원"
207,이온칼슘 미네랄 비비크림 [SPF50+/PA+++],미바,3.89,"50ml / 30,000원"
208,메가 펩타이드 에코 하이드로 수딩 비비크림,시드물,3.92,"50ml / 28,400원"
209,일루미네이팅 서플 블레미쉬 크림 [SPF40/PA++],디어클레어스,3.78,"40ml / 15,900원"
210,스킨 블레미쉬 밤,셀퓨전씨,3.82,"50ml / 66,000원"
211,M 퍼펙트 커버 비비크림 RX [SPF42/PA+++],미샤,3.77,"50ml / 18,000원"
212,선 샤인 블레미쉬 밤 [SPF35/PA++],히스토랩,4.0,50g / 가격미정
213,인젝션 쿠션비비 [SPF50+/PA+++],스킨79,3.95,"14g / 20,000원"
214,수퍼 시티 블록 BB 쿠션 컴팩트 [SPF50/PA+++],크리니크,3.78,"12g*2 / 55,000원"
215,더블웨어 쿠션 비비 올 데이 웨어 리퀴드 컴팩트 [SPF50/PA++++],에스티 로더,3.72,"12g / 69,000원"
216,쟈스민 워터 비비크림 [SPF30],BRTC,3.8,"35g / 28,000원"
217,데이롱 BB크림 [SPF37/PA++],레노덤,4.67,"15g / 38,000원"
218,셀 퍼펙션 리페어 밤,닥터랩,4.23,"50ml / 83,000원"
219,4SP 세이프 비비쿠션 [SPF35/PA+++],랩노,3.72,"14g / 28,000원"
220,잇 래디언트 씨씨 커버 [SPF30/PA++],바닐라코,3.82,"30ml / 25,000원"
221,CC 레드 코렉트,에르보리앙,4.04,"15ml / 20,000원"
222,애트모스피어 CC 크림 [SPF50/PA+++],에스케이투,4.08,"30g / 87,000원"
223,워터-풀 씨씨쿠션 퍼펙트 피니쉬 [SPF50+/PA+++],숨37˚,3.77,"15g*2 / 50,000원"
224,CC 크림 [SPF50/PA+++],샤넬,3.61,"30ml / 78,000원"
225,렝뗑뽀렐 블라썸 프레시 페이스 컴팩트 크림(멀티 핑크 톤업 CC) [SPF15/PA+],지방시 뷰티,3.9,"12g / 77,000원"
226,블랑 씨씨 팩트 [SPF30/PA++],아가타 코스메틱,3.5,"12g*2 / 35,000원"
227,화이트 글로우 씨씨 쿠션 [SPF50/PA+++],VT COSMETICS,4.07,"13g / 12,800원"
228,블랙 픽스온 씨씨 쿠션 [SPF22/PA++],VT COSMETICS,3.54,"12g / 12,800원"
229,텔링유 CC크림 [SPF50/PA+++],시크릿키,3.6,"30ml / 20,000원"
230,페이스 2 체인지 씨씨크림 [SPF32/PA++],홀리카홀리카,3.78,"50ml / 16,000원"
231,풀 커버 쿠션 [SPF50+/PA+++],포렌코즈,3.7,"15g / 32,000원"
232,유어 스킨 벗 배럴 CC크림 [SPF50+],잇코스메틱스,3.68,32ml / 가격미정
233,비타 트리플 커버 백조 씨씨 팩트 블랙 [SPF30/PA++],스와니코코,3.5,"15g / 34,000원"
234,젤러시 아카이브 씨씨 쿠션,시에로,4.17,"15g / 35,000원"
235,컴플리트 에센셜 씨씨크림 [SPF50+/PA++++],힐루시,4.75,"35ml / 30,000원"
236,CC크림 [SPF37/PA++],아를린,4.6,"30ml / 39,000원"
237,탑 시크릿 CC크림 컬러 코렉터,입생로랑 뷰티,4.0,"40ml / 73,000원"
238,새싹 씨씨크림 [SPF30/PA+++],키초,4.2,"35ml / 29,000원"
239,포어레이저 CC 무스 [SPF35/PA+++],슈에무라,3.47,"50ml / 50,000원"
240,올 나이터 메이크업 세팅 스프레이,어반디케이,4.16,"118ml / 39,000원"
241,리얼 매트 메이크업 세팅 픽서,쏘내추럴,4.06,"75ml / 19,000원"
242,올데이 타이트 메이크업 세팅 픽서,쏘내추럴,3.92,"75ml / 18,000원"
243,메이크업 픽서,헤라,3.91,"110ml / 32,000원"
244,퍼펙트데이 메이크업 픽서,투쿨포스쿨,3.77,"50ml / 12,000원"
245,울트라 세팅 진짜 픽서,자트인사이트,3.74,"50ml / 17,000원"
246,미스트 앤 픽스,메이크업포에버,3.7,"100ml / 39,000원"
247,탑 시크릿 메이크업 세팅 스프레이,입생로랑 뷰티,4.19,"100ml / 60,000원"
248,올나이트 울트라 글로우 픽서,어반디케이,4.65,"118ml / 39,000원"
249,퍼펙팅 메이크업 미스트,에스티 로더,3.6,"116ml / 40,000원"
250,롱래스팅 세팅 픽서,루나,4.5,"100ml / 18,000원"
251,메이크업 피니싱 스프레이,메리케이,4.0,"59ml / 32,000원"
252,비건 메이크업 캄 픽서,쏘내추럴,4.33,"100ml / 22,000원"
253,쉴드업 페이스 픽서,자트인사이트,4.29,"50ml / 18,000원"
254,피니쉬 세팅 픽서,투쿨포스쿨,3.73,"80ml / 16,000원"
255,밀착 세팅 픽서,지베르니,4.27,"100ml / 25,000원"
256,프로방스 스마트 베리어 메이크업 픽서,네이처리퍼블릭,3.4,"100ml / 15,000원"
257,(썸머에디션) 울트라 쉴드 메이크업 픽서,fmgt,3.62,"80ml / 14,000원"
258,마이크로페셔널 메이크업 락 픽서,클리오,3.5,"100ml / 16,000원"
259,워터 글로우 세팅 픽서,쏘내추럴,3.57,"75ml / 18,000원"
260,미스트 벨벳 립,웨이크메이크,4.59,"3.5g / 17,000원"
261,노웨어 샤인,에스쁘아,4.5,"4.5g / 22,000원"
262,(밋츠 컬렉션) 노웨어 벨벳,에스쁘아,4.59,"3.2g / 22,000원"
263,루쥬 볼립떼 쉬머 샤인,입생로랑 뷰티,4.51,"3.2g / 46,000원"
264,잉크 무드 매트 스틱,페리페라,4.48,"3g / 12,000원"
265,누디 벨벳 립,웨이크메이크,4.43,"3.5g / 17,000원"
266,럭스 립 칼라,바비브라운,4.36,"3.8g / 44,000원"
267,루쥬 코코 플래쉬,샤넬,4.41,"3g / 47,000원"
268,럭스 샤인 인텐스 립스틱,바비브라운,4.43,"3.4g / 43,000원"
269,루즈 아르마니,조르지오아르마니,4.38,"4g / 47,000원"
270,새틴 립스틱,맥,4.38,"3g / 31,000원"
271,데어 루즈 벨벳,미샤,4.31,"3.5g / 18,000원"
272,립 틴트,오페라,4.27,"3.9g / 19,000원"
273,매드 매트 립,클리오,4.3,"4.5g / 16,000원"
274,르 루즈,지방시 뷰티,4.37,"3.4g / 48,000원"
275,루즈 아르마니 마뜨,조르지오아르마니,4.35,"4g / 45,000원"
276,워터리 쉬어 립스틱,라카,4.34,"3.3g / 18,000원"
277,글램락 미스티 로즈,투쿨포스쿨,4.37,"4.2g / 13,000원"
278,엑스퍼트 컬러 리얼 핏 벨벳,VDL,4.45,"3.8g / 25,000원"
279,데어 루즈 시스루 벨벳,미샤,4.32,"3.5g / 18,000원"
280,픽싱 틴트,에뛰드,4.36,"4g / 12,000원"
281,루쥬 알뤼르 라끄,샤넬,4.44,"5.5ml / 46,000원"
282,라스트 벨벳 립 틴트5,삐아,4.45,"5g / 9,000원"
283,(한복 프로젝트) 글래스팅 워터 틴트,롬앤,4.39,"4g / 13,000원"
284,라스트 벨벳 립 틴트 4,삐아,4.4,"5g / 9,000원"
285,에어 핏 벨벳틴트2,블랙루즈,4.41,"4.5g / 14,900원"
286,라스트 벨벳 립 틴트3,삐아,4.43,"5g / 9,000원"
287,논 섹션 글로이 틴트,에크멀,4.54,"5g / 20,000원"
288,허그 벨벳 틴트,언리시아,4.38,"4.5g / 12,000원"
289,듀 틴트,어뮤즈,4.38,"4g / 20,000원"
290,베르니 아 레브르 워터 스테인 글로우,입생로랑 뷰티,4.37,"5.9ml / 46,000원"
291,(무직타이거 컬렉션) 타이거 에너지 젤리 듀이 틴트,에뛰드,4.47,"4g / 12,000원"
292,슈 벨벳,어뮤즈,4.38,"4g / 20,000원"
293,(누디 브루 컬렉션) 잉크 더 벨벳,페리페라,4.37,"4g / 9,000원"
294,에어 핏 벨벳틴트3,블랙루즈,4.4,"4.5g / 14,900원"
295,워터 글레이즈 틴트,이글립스,4.37,"4g / 9,000원"
296,딜라잇 키스드 립틴트,우드버리,4.6,"4.5g / 11,000원"
297,과즙팡 무스 틴트,어퓨,4.27,"5.5g / 9,000원"
298,에어 핏 벨벳틴트,블랙루즈,4.34,"3.5g / 14,900원"
299,센슈얼 스파이시 누드 글로스,헤라,4.27,"5g / 35,000원"
300,벨벳 펜슬,부르조아,4.41,"3g / 23,000원"
301,새틴 립 펜슬,나스,4.17,"2.2g / 37,000원"
302,벨벳 매트 립 펜슬,나스,4.17,"2.4g / 37,000원"
303,아티스트 립 블러쉬,메이크업포에버,4.26,"2.5g / 34,000원"
304,크리미틴트 컬러밤 쉬폰,마몽드,4.15,"2.5g / 14,000원"
305,립 펜슬,맥,4.16,"1.45g / 20,000원"
306,페이턴트폴리쉬 립 펜슬,맥,4.2,"2.3g / 32,000원"
307,크리미 터치 립라이너,더페이스샵,4.12,"0.2g / 3,500원"
308,크리미 틴트 컬러밤 글라이드,마몽드,4.07,"1.2g / 12,000원"
309,플랫 벨벳 스틱,더페이스샵,3.99,"1.4g / 9,000원"
310,소프트 터치 오토 립 라이너,에뛰드,3.96,"0.2 g / 2,000원"
311,컬러 립 펜슬 [매트],어퓨,3.91,"1g / 5,800원"
312,립 크레용,손앤박,3.83,"2.7g / 18,000원"
313,비비드 슬림핏 틴트,이니스프리,3.84,"0.6g / 9,000원"
314,샘물 스머지 립 크레용,더샘,3.86,"2.5g / 6,500원"
315,컬러버스트 라커 밤,레브론,4.02,"2.7g / 16,000원"
316,엘.실키립펜슬,코드글로컬러,4.02,"1.1g / 10,000원"
317,(핑크 에디션) 슈퍼 스테이 립 크레용,메이블린 뉴욕,3.74,"1.2g / 13,000원"
318,실키 래스팅 립 펜슬,미샤,3.69,"0.25g / 3,800원"
319,플레이 101 펜슬 [립],에뛰드,3.93,"0.5g / 6,500원"
320,글래스팅 워터 글로스,롬앤,4.37,"4.5g / 13,000원"
321,립 젤리 글로스,RMK,4.31,"5.5g / 30,000원"
322,립 글로스,나스,4.15,"8g / 36,000원"
323,립매터,롬앤,4.12,"8g / 11,000원"
324,젤리 립 플럼퍼 틴트,키핀터치,4.06,"3.5g / 20,000원"
325,샤인 샤인 샤인 립글로스,에센스,4.4,"5ml / 3,000원"
326,어딕트 립 맥시마이저,디올,3.98,"6ml / 45,000원"
327,샘물 세럼 립글로스,더샘,4.01,"4.5g / 5,500원"
328,뷰티 보스 립 글로스,스틸라,3.94,"3.2ml / 21,000원"
329,루쥬 코코 글로스,샤넬,3.93,"5.5g / 44,000원"
330,데빌스 플럼퍼 [헬파이어 글로이 토퍼],홀리카홀리카,3.85,"3.5g / 9,500원"
331,크림쉰 글라스,맥,3.84,"2.7g / 32,000원"
332,크러쉬드 오일 인퓨즈드 글로스,바비브라운,4.05,"6ml / 34,000원"
333,립 인젝션 파워 플럼핑 립 글로스,투페이스드,4.64,"6.5ml / 30,000원"
334,글로스 밤 유니버셜 립 루미나이저,펜티뷰티,4.06,"9ml / 27,000원"
335,펄 인 러브 글로스,미샤,3.97,"5.3ml / 10,000원"
336,퓨어 칼라 엔비 립 글로스,에스티 로더,3.72,"6ml / 42,000원"
337,립 베놈 오리지널,듀왑,3.61,"3.5ml / 36,000원"
338,브릴리앙 아 레브르 에끌라 (래디언트 립글로스),끌레드뽀 보떼,4.56,"8ml / 45,000원"
339,어딕트 립 글로스,디올,3.64,"6.5ml / 40,000원"
340,프렙+프라임 립,맥,4.33,"1.7g / 29,000원"
341,슈가 립 원더 드롭 어드밴스드 테라피,프레쉬,4.3,"5ml / 40,000원"
342,립 프라이머,3CE,4.3,"3.5g / 15,000원"
343,스텝1 아이 앤 립 프라이머,메이크업포에버,5.0,"10ml / 35,000원"
344,탑 시크릿 립 퍼펙터,입생로랑 뷰티,3.36,"15ml / 41,000원"
345,CC 립 프라이머 틴트 [SPF10/PA+],케이트,4.0,3.7g / 가격미정
346,립 프라이머,칼리,4.0,"0.7g / 10,000원"
347,매트 립 부스팅 프라이머,포니이펙트,2.0,"1.9g / 17,000원"
348,키스키스 립 리프트,겔랑,2.5,"3.5g / 39,000원"
349,(와일드 체리 컬렉션) 프렙+프라임 립,맥,0.0,"1.7g / 32,000원"
350,얼티미스틱 휘핑 틴트 [휘핑프라이머],라네즈,0.0,"4.5g / 25,000원"
351,CC 립 프라이머 [SPF13/PA+],케이트,0.0,3.7g / 가격미정
352,립 프라이머,NYX,0.0,2.83g / 가격미정
353,얼티미트 오존 멀티 프라이머 펜슬,어반디케이,0.0,"2.8g / 27,000원"
354,립 프라이머,아나스타샤 베버리힐즈,0.0,"4.5g / 23,000원"
355,리버스 립라이너,듀왑,0.0,"3.8g / 38,000원"
356,쉬어 매트 립 인핸서 [립 프라이머],셀프뷰티,0.0,"0.9g / 12,000원"
357,립 락 프라이밍 밤,톰포드 뷰티,0.0,"1.2g / 47,000원"
358,립 프라이머 & 플럼퍼,엘프 코스메틱스,0.0,1.35g / 가격미정
359,[단종]  (블랙 체리 에디션) 프렙+ 프라임 립,맥,0.0,"1.7g / 30,000원"
360,베어 샤인 립마스크,뮤드,4.7,"8g / 17,000원"
361,루쥬 볼립떼 캔디 글레이즈,입생로랑 뷰티,4.67,"3.2g / 49,000원"
362,립테라피 오리지널,바세린,4.52,"7g / 5,000원"
363,세라마이드 아토 립밤,일리윤,4.53,"10ml / 9,900원"
364,퍼스트 립밤 리스토어 앤 수딩,세컨디자인,4.48,"15g / 11,000원"
365,유채꿀 립 밤 [초보습],이니스프리,4.52,"3.5g / 6,000원"
366,립 슬리핑 마스크 EX,라네즈,4.46,"20g / 20,000원"
367,엑스트라 립 틴트,바비브라운,4.4,"2.3g / 44,000원"
368,어딕트 립 글로우,디올,4.38,"3.2g / 45,000원"
369,모이스처라이징 립밤 클래식,카멕스,4.39,"7.5g / 4,000원"
370,립 메덱스,블리스텍스,4.41,"7g / 4,000원"
371,호호바 립 에센스,시드물,4.33,"13ml / 3,800원"
372,센슈얼 스파이시 누드 밤,헤라,4.3,"3.5g / 35,000원"
373,비타민 수분톡 틴트 립밤,웨이크메이크,4.33,"3.4g / 13,000원"
374,배리어덤 시카 레브르,유리아쥬,4.31,"15ml / 15,000원"
375,블루베리 하이드레이팅 허니 립밤,후르디아,4.33,"10ml / 6,000원"
376,글로우 플레이 립 밤,맥,4.49,"3.6g / 32,000원"
377,진저 슈가 오버나이트 립 마스크,아리따움,4.31,"25g / 9,000원"
378,립테라피 코코아버터,바세린,4.28,"7g / 5,000원"
379,메디케이티드 립젤,멘소래담,4.33,"8g / 3,500원"
380,히로인메이크 프라임 리퀴드 아이라이너 리치 킵,키스미,4.55,"0.4ml / 22,000원"
381,더 쇼킹 비건라이너 수퍼픽싱,토니모리,4.53,"0.5g / 14,000원"
382,본투비 매드프루프 아이펜슬 #웰던,어퓨,4.5,"0.5g / 8,000원"
383,리퀴드 디파인 라이너,프로에잇청담,4.55,"2.5ml / 31,000원"
384,본투비 매드프루프 리퀴드아이라이너,어퓨,4.52,"0.6g / 15,000원"
385,홀리팝 쌍테라이너,홀리카홀리카,4.43,"0.5g / 5,900원"
386,슈퍼 샤프 라이너 펜슬,케이트,4.39,"0.09g / 16,000원"
387,더블이펙트 워터프루프 아이펜슬,씨스터앤,4.48,"0.5g / 12,000원"
388,애교 빔 드로잉 펜슬,토니모리,4.35,"0.3g / 9,000원"
389,브론즈 페인팅 워터프루프 아이 펜슬,에스쁘아,4.42,"1.5g / 18,000원"
390,히로인 메이크 스무스 리퀴드 아이라이너 슈퍼 킵,키스미,4.32,"0.4ml / 18,000원"
391,베리라이너,피치베리,4.45,"0.5g / 12,000원"
392,샤프 쏘 심플 워터프루프 펜슬 라이너,클리오,4.28,"0.14g / 10,000원"
393,원더프루프 펜 아이라이너,비오엠,4.3,"0.5g / 15,000원"
394,아티스트 포뮬라 크림 라이너,컬러그램,4.25,"0.25g / 9,000원"
395,라스트 오토 젤 아이라이너 슬림,삐아,4.19,"0.1g / 6,500원"
396,더 퍼스트 슬림 젤 아이라이너,머지,4.2,"0.05g / 6,900원"
397,히로인메이크 롱 스테이 스무스 젤 펜슬 라이너,키스미,4.2,"0.1g / 12,000원"
398,슬림 젤 아이라이너,데이지크,4.33,"0.12g / 15,000원"
399,트루 아이 펜 라이너,손앤박,4.58,"1g / 17,000원"
400,하드 포뮬라,슈에무라,4.55,"4g / 34,000원"
401,베어 엣지 슬림 브로우,에뛰드,4.55,"0.1g / 8,000원"
402,딥브로우 포마드,아나스타샤 베버리힐즈,4.59,"4g / 26,000원"
403,브로우 위즈,아나스타샤 베버리힐즈,4.55,"0.085g / 31,000원"
404,스피디 스키니 브로우,페리페라,4.48,"0.05g / 5,000원"
405,본투비 매드프루프 스키니 브로우펜슬,어퓨,4.48,"0.08g / 10,000원"
406,한올 플랫 브로우,롬앤,4.51,"0.17g / 11,000원"
407,하드 스퀘어 아이브로우 펜슬,아이돈띵쏘,4.49,"2.7g / 12,900원"
408,심플라벨 래스팅 펜슬 브로우,이니스프리,4.42,"0.15g / 12,000원"
409,킬 브로우 오토 하드 브로우 펜슬,클리오,4.34,"0.31g / 20,000원"
410,프리사이슬리 마이 브로우 펜슬,베네피트,4.37,"0.08g / 38,000원"
411,헤비로테이션 하드 엣지 아이브로우 펜슬,키스미,4.39,"0.4g / 14,000원"
412,아이브로우 쿠션 카라,라네즈,4.45,"6g / 25,000원"
413,아이돌 브로우 파우더 케익,아리따움,4.29,"4g / 6,000원"
414,내추럴 하드 브로우 펜슬,웨이크메이크,4.38,"0.1g / 13,000원"
415,스머지프루프 우드 브로우,미샤,4.25,"1.5g / 5,000원"
416,헤비로테이션 컬러링 아이브로우,키스미,4.26,"8g / 15,000원"
417,구프 프루프 브로우 펜슬,베네피트,4.3,"0.34g / 38,000원"
418,아이브로우 오토 펜슬,아이오페,4.34,"0.25g*2 / 15,000원"
419,하드텍스처 아이브로우,우드버리,4.26,"4g / 14,000원"
420,매트 아이 컬러,로라메르시에,4.59,"2.6g / 35,000원"
421,럭스 아이섀도우,바비브라운,4.61,"2.5g / 48,000원"
422,소프트 블러링 아이팔레트,웨이크메이크,4.6,"10g / 32,000원"
423,글리터링 아이 스틱,트윙클팝,4.62,"0.7g / 6,900원"
424,아이섀도우,바비브라운,4.53,"2.5g / 38,000원"
425,피스 매칭 섀도우 [매트],홀리카홀리카,4.5,"2g / 4,000원"
426,본 라이크 디스 아이 팔레트,투페이스드,4.62,"8g / 56,000원"
427,글램 체인지 멀티 팔레트,에이블랙,4.63,"14.4g / 30,000원"
428,프로 아이 팔레트 AD,클리오,4.56,"0.6g*10 / 32,000원"
429,하드와이어드 아이섀도우,나스,4.56,"1.1g / 32,000원"
430,플레이 컬러 아이즈 [샌드힐],에뛰드,4.59,"0.7g *9 / 21,000원"
431,섀도우 팔레트 [11 초콜릿 퍼지],데이지크,4.65,"10.5g / 34,000원"
432,리얼 아이 팔레트,에스쁘아,4.5,"10g / 32,000원"
433,플레이 컬러 아이즈 [뮬리로맨스],에뛰드,4.51,"6.3g / 21,000원"
434,리얼 아이 핸디 팔레트,에스쁘아,4.53,"3g / 24,000원"
435,피스 매칭 12구 섀도우 팔레트 [머추어 피치],홀리카홀리카,4.49,"12g / 35,000원"
436,새틴 아이컬러,로라메르시에,4.51,"2.6g / 35,000원"
437,올테이크 무드 팔레트,페리페라,4.45,"6.8g / 19,000원"
438,프로 싱글 섀도우,클리오,4.44,"1.5g / 10,000원"
439,플래쉬 섀도우 팔레트,이글립스,4.57,"0.9g*9 / 19,000원"
440,무드 업 마스카라 롱앤컬,데이지크,4.48,"7.5g / 19,000원"
441,컬 픽스 마스카라,에뛰드,4.43,"8g / 15,000원"
442,인스파이어 롱래쉬 컬링 마스카라,뮤드,4.47,"10ml / 19,000원"
443,원픽 스키니카라 [픽싱 볼륨],치카이치코,4.51,"3g / 15,000원"
444,울트라 파워프루프 씬 마스카라 [컬 업 롱래쉬],미샤,4.43,"9g / 14,000원"
445,킬래쉬 수퍼프루프 마스카라 [롱 컬링],클리오,4.37,"7g / 18,000원"
446,래쉬 코렉팅 케어 에센셜 세럼,홀리카홀리카,4.44,"9ml / 16,000원"
447,인스파이어 볼륨 컬링 마스카라,뮤드,4.45,"10g / 19,000원"
448,본투비 매드프루프 롱볼륨 마스카라 [Lv.3 래쉬투더스카이],어퓨,4.41,"8g / 15,000원"
449,본투비 매드프루프 롱앤컬 마스카라 [Lv.2 모어댄텐미리],어퓨,4.35,"8g / 15,000원"
450,한올 픽스 마스카라,롬앤,4.35,"7g / 16,000원"
451,리얼미 비오테놀 래쉬 업 앰플,베리썸,4.38,"9ml / 13,000원"
452,윙크 볼륨 앤 딥 마스카라,자빈드서울,4.47,"9g / 16,000원"
453,아이돌 리얼 래쉬 픽서,아리따움,4.31,"8ml / 6,000원"
454,리치 롱래쉬 워터프루프 마스카라,헤라,4.4,"6g / 35,000원"
455,래쉬 코렉팅 마스카라 [롱 익스텐션],홀리카홀리카,4.36,"9ml / 16,000원"
456,리바이브 테라피 헤어 브로우 래쉬 세럼,바이브랩,4.3,"10ml / 54,000원"
457,엑스퍼트 아이밤 부스팅 픽서,VDL,4.38,"8g / 16,000원"
458,히로인메이크 롱 업 마스카라 슈퍼 워터프루프,키스미,4.31,"6g / 22,000원"
459,본투비 매드프루프 픽서 마스카라 [Lv.1 마이래쉬벗베러],어퓨,4.44,"7g / 9,900원"
460,프로-프라임 스머지 프루프 아이섀도우 베이스,나스,4.39,"8g / 36,000원"
461,프렙+프라임 24-아워 익스텐드 아이 베이스,맥,4.37,"12ml / 33,000원"
462,컬러 픽스 아이 프라이머,미샤,4.23,"7.5g / 9,800원"
463,아이섀도우 프라이머 포션,어반디케이,4.28,"10ml / 32,000원"
464,엑스퍼트 컬러 프라이머 포 아이즈,VDL,4.23,"6.5g / 16,000원"
465,아이 프라이머 나크로스,이든 미네랄,4.55,"2.8g / 26,000원"
466,L. 픽스-온 아이프라이머,코드글로컬러,4.08,"8.5g / 13,000원"
467,롱웨어 아이 베이스,바비브라운,3.75,"6g / 40,000원"
468,섀도우 인슈어런스,투페이스드,4.4,"11ml / 26,000원"
469,스머지 프루프 아이섀도우 베이스,나스,3.78,"8g / 36,000원"
470,G.루미에르 아이 프라이머,코드글로컬러,3.56,"8.5g / 13,000원"
471,아임 스머지 헌터,아임미미,3.8,"6.5g / 9,900원"
472,아티스트 올 픽스 아이 프라이머,정샘물,4.5,"10ml / 23,000원"
473,샘물 아이 프라이머,더샘,3.47,"1p / 5,000원"
474,꾸뛰르 아이 프라이머,입생로랑 뷰티,4.0,"5.5g / 42,000원"
475,프루프 잇 워터프루프 아이섀도우 프라이머,NYX,4.5,7ml / 가격미정
476,포토포커스 아이섀도우 프라이머,웻앤와일드,4.2,"10ml / 4,400원"
477,글리터 글루,투페이스드,4.25,"11ml / 23,000원"
478,듀얼프라이머 포 립앤아이,맥퀸뉴욕,4.0,"1.5g*2 / 17,000원"
479,라스트 아이 프라이머,삐아,3.46,"5g / 6,500원"
480,DAC2 카렌듈라 카밍 폼 클렌저,닥터릴리프,4.67,"120ml / 23,000원"
481,레스 레스 폼 클렌저,쥬스 투 클렌즈,4.55,"160g / 18,000원"
482,탄산테라피 클렌징 파우더,앤앤드,4.52,"60g / 19,800원"
483,레이지모닝 약산성 클렌징폼,낫투머치,4.52,"150ml / 12,900원"
484,코코넛 클레이 클렌징 폼,토코보,4.5,"150ml / 12,000원"
485,브이 코어텍틴 클렌징폼,브이앤코,4.5,"150g / 22,000원"
486,테라크네 365 클리어 딥 클렌징 폼,에스트라,4.44,"200ml / 23,000원"
487,젠틀 블랙 페이셜 클렌저,디어클레어스,4.45,"140ml / 15,000원"
488,약산성 사우나클렌저,이퀄베리,4.45,"200ml / 16,000원"
489,센서티브 뷰티 바,도브,4.45,"100g*4 / 7,900원"
490,프로바이오틱 딥 클렌징 폼,퍼스트랩,4.36,"140ml / 18,000원"
491,마다가스카르 센텔라 앰플폼,스킨1004,4.36,"125ml / 28,000원"
492,휘핑 딥 클렌저,어웨어,4.35,"150ml / 10,000원"
493,쌀가루 폼클렌저,쌀롱드리,4.29,"100g / 14,000원"
494,마일드 클렌징 젤,니들리,4.29,"235ml / 24,900원"
495,모닝 듀 비타 클렌징젤,해서린,4.27,"200ml / 17,500원"
496,약산성 클렌징 젤 폼,닥터지,4.3,"200ml / 22,000원"
497,엑티브 클린업 파우더,인셀덤,4.36,"90g / 50,000원"
498,플로우 에센스 폼 클렌저,코이,4.42,"150ml / 22,000원"
499,엔자임 오트 스크럽 파우더 워시,라씨엘르,4.32,"50g / 24,000원"
500,마일드 미셀라 클렌징 워터,니들리,4.7,"390ml / 21,000원"
501,컬러 푸드 시리즈 화이트 홀썸 클렌징밤,투비건,4.61,"120ml / 22,000원"
502,마다가스카르 센텔라 라이트 클렌징 오일,스킨1004,4.52,"200ml / 37,000원"
503,클린 잇 제로 클렌징 밤 오리지널,바닐라코,4.41,"100ml / 18,000원"
504,힐링 티 가든 티트리 클렌징 워터,더샘,4.39,"300ml / 5,500원"
505,마일드 클렌징 워터 이엑스,아임유니,4.51,"500ml / 15,000원"
506,클린 잇 제로 포어 클래리파잉 클렌징 밤,바닐라코,4.44,"100ml / 18,000원"
507,포어 화이트 클렌징밤,숌,4.44,"120ml / 44,500원"
508,스트레스 릴리빙 퓨어풀 립앤아이 리무버 패드,아리얼,4.39,"30ea / 4,500원"
509,애플 사이다 딥 클렌징 오일,아리얼,4.39,"200ml / 24,000원"
510,에잇 티 클렌징 워터,비오엠,4.35,"500ml / 20,000원"
511,미셀라 클렌징워터 울트라 센시티브,라로슈포제,4.36,"200ml / 19,000원"
512,약산성 미셀라 클렌징 워터,어웨어,4.35,"500ml / 15,000원"
513,힐링 티 가든 클렌징 코튼 패드,더샘,4.36,"30ea / 10,000원"
514,프로페셔널 미셀라에어 클렌징 워터,니베아,4.28,"400ml / 17,000원"
515,클렌징 시트 브라이트닝,비페스타,4.32,"46ea / 10,000원"
516,힐링 티 가든 그린티 클렌징 워터,더샘,4.33,"300ml / 5,500원"
517,클렌즈 미 소프틀리 밀크 클렌저,시오리스,4.31,"200ml / 24,000원"
518,클렌징 밀크,비오투름,4.41,"200ml / 29,000원"
519,락토 클렌징 패드,블리블리,4.31,"70ea / 23,000원"
520,킬래쉬 마스카라 리무버,클리오,4.71,"8.5g / 12,000원"
521,올 피니쉬 마스카라 클리너,에뛰드,4.49,"13ml / 8,000원"
522,립 앤 아이 리무버 클리어,바닐라코,4.61,"100ml / 6,500원"
523,아이 메이크업 리무버,비페스타,4.46,"145ml / 12,000원"
524,히로인 메이크 스피디 마스카라 리무버,키스미,4.51,"6.6ml / 13,000원"
525,클린 립앤아이 리무버,어웨어,4.42,"250ml / 14,000원"
526,클리어 훼이스 스파 립앤아이 메이크업 리무버,폰즈,4.36,"120ml / 9,900원"
527,미네랄 립앤아이 메이크업 리무버,어퓨,4.34,"100ml / 3,500원"
528,프레쉬 모이스춰 립앤아이 리무버,일리윤,4.24,"100ml / 8,000원"
529,내추럴 컨디션 탄산 립 앤 아이 리무버,더샘,4.22,"155ml / 8,000원"
530,데마끼앙 이으 엥땅스,샤넬,4.23,"100ml / 46,000원"
531,퍼펙트 립앤아이 메이크업 리무버,미샤,4.05,"155ml / 4,000원"
532,딥 클린 립앤아이 리무버,포인트,4.09,"140ml / 10,900원"
533,테이크 더 데이 오프 메이크업 리무버 포 리드 래쉬 앤 립스,크리니크,4.13,"125ml / 34,000원"
534,립 & 아이 리무버,라네즈,4.02,"150ml / 17,000원"
535,밀크쉐이크 포인트 메이크업 리무버,스킨푸드,4.03,"160ml / 10,000원"
536,닥터솔루션 저자극 립앤아이 리무버,케어존,4.05,"110ml / 11,500원"
537,컬 픽스 마스카라 리무버,에뛰드,3.95,"80ml / 5,000원"
538,뽀오얀 미소 발효 립 & 아이 리무버,아리따움,3.92,"250ml / 11,000원"
539,라이스밀크 립앤아이 리무버,비욘드,4.47,"200ml / 12,000원"
540,피그 스크럽 마스크,아임프롬,4.51,"120g / 32,000원"
541,가지 클리어링 필링 패드 토너,파파레서피,4.33,"70ea / 25,000원"
542,녹차 필링젤,시드물,4.3,"120ml / 4,800원"
543,페이셜 마일드 필링,프리메라,4.28,"150ml / 30,000원"
544,트리악 모공 톡스 패드,셀퓨전씨,4.29,"60ea / 24,000원"
545,스트레스 릴리빙 데일리 픽 필링 패드,아리얼,4.32,"30ea / 5,900원"
546,어성초 77 클리어 패드,아누아,4.26,"70ea / 28,000원"
547,캐롯 솔루션 필링 패드,파파레서피,4.18,"70ea / 25,000원"
548,사과 아하 매끈 패드,구달,4.16,"70ea / 20,000원"
549,셀 리뉴 바이오 마이크로 필 소프트 젤,더샘,4.14,"160ml / 18,000원"
550,스프링이 필링 젤 톤업 부스트,세컨디자인,4.16,"120ml / 12,000원"
551,라이스 파우더 폴리쉬,나인위시스,4.13,"100ml / 28,000원"
552,브라이트닝 비타 필링 패드,닥터지,4.21,"70ea / 22,000원"
553,지우개 패드,셀리맥스,4.07,"60ea / 17,000원"
554,블랙슈가 퍼펙트 에센셜 스크럽 2X,스킨푸드,4.5,"210g / 19,000원"
555,브라이트닝 필링젤,닥터지,4.02,"120g / 19,000원"
556,바디 리프팅 이지 필링 페이셜 스크럽,비욘드,4.07,"100ml / 24,000원"
557,마일드S 데일리 필링패드,브라운랩,4.01,"70ea / 23,000원"
558,젠틀 블랙 슈거 페이셜 폴리쉬,디어클레어스,4.09,"110g / 18,500원"
559,아토베리어 365 필링젤,에스트라,4.3,"150ml / 21,000원"
560,거품망 버블메이커,시드물,4.51,"1ea / 2,000원"
561,마이뷰티툴 버블 메이커,에뛰드,4.27,"1ea / 4,000원"
562,뷰티툴 크리미 버블 메이커,이니스프리,4.21,"1ea / 2,000원"
563,오가닉팜 버블메이커 샤워볼,다이소,4.23,"1ea / 1,000원"
564,메이크업 클렌저,페이스헤일로,4.02,"1ea / 11,000원"
565,버블 거품망,아리따움,4.01,"1ea / 2,000원"
566,실리콘 페이셜 클렌징 브러시,비비또,4.5,"1ea / 7,200원"
567,실리콘 클렌징 패드,필리밀리,4.52,"1ea / 3,900원"
568,엔젤퍼프 싱글팩 세안용,크룬,3.79,"1ea / 19,900원"
569,핑크 해면,시드물,4.54,"1ea / 1,500원"
570,듀얼 모공 브러시,필리밀리,3.57,"1ea / 14,900원"
571,데일리뷰티툴즈 숯 곤약 클렌징 퍼프,더페이스샵,4.4,"1ea / 3,500원"
572,마쉬멜로우 휩 메이커,누니,4.21,"1ea / 7,000원"
573,블랙헤드 워시 클리너,어퓨,3.53,"1ea / 2,000원"
574,극세사 미세모 모공브러시,스와니코코,3.71,"1ea / 14,000원"
575,모공 세안 브러시,다이소,3.49,"1ea / 5,000원"
576,솜털 세안 모공 브러시,필리밀리,3.61,"1ea / 9,900원"
577,미니손잡이 실리콘 세안스펀지,다이소,4.38,"1ea / 2,000원"
578,포어 클리닝 모공 브러시,런드리유,4.57,"1ea / 6,000원"
579,매직 클렌징 쿠키,웰더마,5.0,"3ea / 19,000원"
580,DAC2 알래스카 엘엠더블유 히알루로닉 마스크,닥터릴리프,4.68,"25g / 6,000원"
581,브이 코어텍틴 세럼 마스크팩,브이앤코,4.7,"38ml*5 / 25,000원"
582,컴포트 미 모스 카밍 마스크,메이크프렘,4.6,"28ml / 3,000원"
583,AC컨트롤 EX 딥마스크,듀이트리,4.68,"27g / 3,000원"
584,센텔라 릴렉세이션 퍼펙트 카밍 마스크,룩스앤메이,4.56,"30g / 3,000원"
585,오아시스 수딩 마스크,닥터엘시아,4.64,"27g*5 / 19,000원"
586,TR V 펩타이드 화이트닝 마스크,닥터릴리프,4.48,"25g / 6,000원"
587,더마 컬렉션 헬씨 수딩 모이스처라이징 마스크,셀링데이,4.5,"25ml / 3,500원"
588,프로 시카 징크덤 밴드 마스크,더마토리,4.49,"28g / 4,000원"
589,아가베 수분 밀착 마스크,허니집,4.49,"30g / 3,000원"
590,더 착한 마음 마스크 시트 [히알루론산],네이처리퍼블릭,4.54,"24g / 1,200원"
591,티트리 에센셜 마스크,메디힐,4.48,"24ml / 2,000원"
592,시카풀 카밍 마스크,비플레인,4.51,"27g / 3,000원"
593,시그니처 바이오 시트 마스크,셀로니아,4.56,"160ml*5 / 40,000원"
594,티트리 안티더스트 카밍 마스크,메디힐,4.37,"1ea / 2,000원"
595,8스텝 트래블 젤리 마스크,아임쏘리포마이스킨,4.41,"1ea / 4,500원"
596,마누카 허니 프로폴리스 퍼펙트 쉴드 마스크,스팀베이스,4.38,"30ml / 6,000원"
597,피디알앤 마스크팩,제나벨,4.41,"25ml*5 / 20,000원"
598,블룸 꿀보카도 극세사마스크,오아이엠,4.39,"32ml / 3,500원"
599,퍼스트 쿨링 마스크,셀퓨전씨,4.38,"27g / 3,000원"
600,프리미엄 쿨 티트리 모델링 마스크,린제이,4.57,"820g / 35,000원"
601,프리미엄 콜라겐 모델링 마스크팩,린제이,4.43,"820g / 35,000원"
602,달빛유자 수면팩,한율,4.24,"60ml / 30,000원"
603,비비 씨위드,러쉬,4.28,"75g / 25,000원"
604,칸나 베리어 워시 오프 팩,비브라스,4.28,"100g / 17,000원"
605,아크바이™ 모델링 마스크 팩,시드물,4.27,"220g / 9,800원"
606,모델링 팩 쿨,메디플라워,4.41,"1kg / 47,000원"
607,수블리마지 마스크,샤넬,4.36,"50g / 265,000원"
608,워터 슬리핑 마스크 EX,라네즈,4.31,"70ml / 32,000원"
609,퍼스트 에이드 오버나이트 스킨 리제네레이션 마스크,빌리프,4.28,"50ml / 27,000원"
610,마스크 오브 매그너민티,러쉬,4.17,"125g / 20,000원"
611,블랙티 인스턴트 퍼펙팅 마스크,프레쉬,4.27,"100ml / 142,000원"
612,인퓨전 나이트 트리트먼트,포켓페이퍼,4.16,"100ml / 37,000원"
613,시카 슬리핑 마스크,라네즈,4.21,"60ml / 32,000원"
614,블랙슈가 마스크 워시 오프,스킨푸드,4.18,"100g / 10,000원"
615,올인 닥터 모델링 파우더,시드물,4.21,"1,000g / 22,500원"
616,시카페어 슬리페어 앰플 인 마스크,닥터자르트,4.16,"110ml / 39,000원"
617,옥용팩,설화수,4.11,"150ml / 48,000원"
618,프레시 파워 에센스 파우치 팩 강력보습,아리따움,4.14,"10ml / 1,000원"
619,테라비타,팜스,4.26,"4g*6 / 30,000원"
620,자작나무 수분 패드,라운드랩,4.61,"80ea / 25,000원"
621,케어플러스 상처커버 스팟패치,올리브영,4.43,"27ea / 4,000원"
622,S.O.S 레드 칙 케어팩,자이엘,4.48,"5ea / 10,000원"
623,이지덤 뷰티,이지덤뷰티,4.4,"42ea / 7,000원"
624,개똥쑥 진정 스팟 팩,미샤,4.4,"50ea / 28,000원"
625,프레쉬덤 안티 블레미쉬 패치,더마리프트,4.35,"24ea / 6,000원"
626,레드 블레미쉬 클리어 퀵 수딩 팩,닥터지,4.35,"70ea / 25,000원"
627,겟리프 트윈패드팩,슈레피,4.28,"6ml*21 / 34,500원"
628,하이드로 도트 12mm,엘라밴드,4.2,"48ea / 9,500원"
629,케어플러스 상처커버 스팟패치 허니,올리브영,4.25,"42ea*2 / 6,500원"
630,위드덤 스킨커버 프렌드 실속형,다이소,4.1,"105ea / 2,000원"
631,스팟케어 패치 키트,해서린,4.03,"80ea / 6,000원"
632,락토시카 락킹 세럼,언파코스메틱,4.37,"85ea / 34,000원"
633,케어플러스 잘라쓰는 사각패치,올리브영,4.06,"2ea / 4,000원"
634,블레미쉬 패치 케어,3M 넥스케어™,3.97,"63ea / 8,900원"
635,청귤 비타c 수분 아이패치,구달,3.97,"60ea / 20,000원"
636,깨비깨비 블랙헤드 3단 코팩,어퓨,4.01,"6.2g / 1,000원"
637,닥터트럽 블래미쉬 트러블 클리어 패치,시드물,3.88,"24ea / 3,600원"
638,아크니 닥터 1st 스피디 스팟 패드 (응급스팟패드),아이소이,4.46,"60ea / 23,800원"
639,에이씨 컬렉션 아크네 패치,코스알엑스,3.9,"26ea / 5,500원"
640,아이스 카밍 쿨러,아리따움,4.25,"1ea / 10,000원"
641,팩브러시 (44535),다이소,4.2,"1ea / 1,000원"
642,뷰티툴 말랑한 팩 스패튤라,이니스프리,4.5,"1ea / 1,000원"
643,프로바이오덤 리프팅 마사저,바이오힐 보,4.78,"1ea / 25,000원"
644,방짜유기 유기 하트 괄사 마사지기,놋담,4.38,"1ea / 99,000원"
645,고무 팩볼,메디플라워,4.81,"1ea / 3,000원"
646,실리콘 마스크 브러시,아임프롬,4.32,"1ea / 5,000원"
647,더 잠 테라피 마사저,에뛰드,4.5,"1ea / 30,000원"
648,스파츌라,메디플라워,4.85,"1ea / 1,500원"
649,뷰티툴 팩 브러시,이니스프리,4.36,"1ea / 2,000원"
650,아이시화이트,키위스,5.0,"1ea / 19,800원"
651,듀얼 실리콘 팩 브러시,필리밀리,4.5,"1ea / 8,000원"
652,실리콘 팩 브러시,글로우힐,4.67,"1ea / 8,000원"
653,보석 페이스 롤러,로제드 자르딘,4.0,"1ea / 45,000원"
654,페이스 & 바디 괄사,필리밀리,4.75,"1ea / 12,000원"
655,괄사,플로나,4.56,"1ea / 59,000원"
656,실리콘 마스크 커버,어퓨,3.94,"1ea / 2,000원"
657,쿨링 스틱,네이처카인드,4.71,"1p / 45,000원"
658,로즈쿼츠 엔젤윙 괄사 마사지도구,로제드 자르딘,4.33,"1ea / 32,000원"
659,포에버 유스 리버레이터 와이-쉐이프 마사저,입생로랑 뷰티,3.68,"1ea / 108,000원"
660,다이브인 무기자차 마일드 선크림 [SPF50+/PA++++],토리든,4.59,"60ml / 23,000원"
661,자작나무 수분 선크림 [SPF50+/PA++++],라운드랩,4.5,"50ml / 25,000원"
662,디디 선크림 [SPF50+/PA++++],이퀄베리,4.55,"50ml / 20,000원"
663,UV프로텍터 멀티디펜스 [SPF50+/PA++++],헤라,4.58,"50ml / 40,000원"
664,워터풀 톤업 선크림 [SPF50+/PA++++],달바,4.52,"50ml / 32,000원"
665,그린프로폴리스 올마일드선 [SPF50+/PA++++],씨케이디,4.39,"40ml / 26,000원"
666,퍼펙트 유브이 쉴드 선크림 [SPF50+/PA++++],리맥,4.4,"63ml / 80,000원"
667,UV프로텍터 톤업 [SPF50+/PA++++],헤라,4.37,"50ml / 40,000원"
668,스테이 모이스트 시카 선크림 [SPF50+/PA+++],낫투머치,4.32,"40ml / 22,000원"
669,유브이 디펜스 미 카밍 선크림 [SPF50+/PA++++],메이크프렘,4.31,"50ml / 24,000원"
670,모이스트 터치 스포츠 선밀크 [SPF50+/PA+++],아이레시피,4.26,"50ml / 17,900원"
671,세이프온 에센스 선크림 [SPF50+/PA++++],AHC,4.31,"50ml / 26,000원"
672,워터 스플래쉬 선크림 프레쉬 [SPF50+/PA++++],에스쁘아,4.25,"60ml / 18,000원"
673,테르물레 올 데이 리프레싱 선 크림 [SPF50+/PA++++],스팀베이스,4.23,"50ml / 24,000원"
674,톤업 선크림 [SPF50+/PA++++],오아이브,4.27,"50ml / 48,900원"
675,톡톡 에센셜 톤 업 선크림 [SPF50+/PA++++],코스톡,4.18,"50ml / 28,000원"
676,오메가 레스큐 선크림 [SPF50+/PA+++],엑스와이지 포뮬러,4.23,"50ml / 38,000원"
677,레이저 썬스크린100 [SPF50+/PA+++],셀퓨전씨,4.15,"50ml / 29,400원"
678,트루 히알루론 수분 선크림 [SPF50+/PA++++],이니스프리,4.51,"50ml / 22,000원"
679,워터풀 마일드 선크림 [SPF50+/PA++++],달바,4.36,"50ml / 32,000원"
680,팡팡 빅 선쿠션 유브이 쉴드 [SPF50+/PA++++],엘로엘,4.29,"25g / 45,000원"
681,산소수 생기 톤업 선 쿠션 [SPF50+/PA++++],식물나라,4.26,"15g / 17,800원"
682,피치피치 썬 메쉬 쿠션 [SPF50+/PA++++],슈레피,3.97,"14g / 28,000원"
683,내추럴 퍼펙션 더블 쉴드 선쿠션 [SPF50+/PA++++],AHC,3.94,"25g / 29,000원"
684,자일리톨 마일드 선쿠션 [SPF50+/PA+++],앤랩,3.87,"15g / 25,000원"
685,카카오 내츄럴 스킨톤 선쿠션 [SPF50+/PA+++],온더바디,4.12,"15g / 17,900원"
686,세이프 블록RX 커버 톤업 선 쿠션 [SPF50+/PA++++],미샤,4.28,"14g / 21,800원"
687,티트리 톤업 선쿠션 [SFP50+PA++++],브링그린,3.75,"15g / 18,000원"
688,롱 프로텍션 에센스 선팩트 [SPF50+/PA++++],에이지투웨니스,3.87,"12.5g*2 / 38,000원"
689,피네 선CC 쿠션 [SPF50+/PA++++],자이엘,3.8,"14g*2 / 24,000원"
690,에코더마 퓨어 선쿠션 [SPF50+/PA++++],퍼펙트스킨,3.98,"15g, 25g / 38,000원"
691,에센스 선 팩트 [SPF50+/PA+++],VT COSMETICS,3.77,"11g / 14,800원"
692,UV 비타 선 쿠션 [SPF50+/PA++++],시크릿뮤즈,3.8,"23g / 45,000원"
693,세이프 온 수딩 선쿠션 [SPF50+/PA++++],AHC,4.24,"25g / 29,000원"
694,에어리핏 톤업 선쿠션 [SPF50+/PA+++],밀리마쥬,4.05,"15g / 18,000원"
695,큐어 쿨링 선쿠션 시즌2 [SPF50+/PA++++],김정문알로에,4.33,"25g / 50,000원"
696,노세범 선쿠션 [SPF50+/PA++++],이니스프리,3.89,"14g / 23,000원"
697,써니프루프 핑크 톤업 선 쿠션 [SPF50+/PA++++],페리페라,3.82,"13g / 15,000원"
698,UV 에센스 선 쿠션 [SPF50+/PA++++],비디비치,4.63,"13g*2 / 49,000원"
699,퍼퓸 파우더 선 팩트 12.5 화이트 [SPF50+/PA+++],입큰,4.08,"15g / 33,000원"
700,내추럴 퍼펙션 더블 쉴드 선스틱 [SPF50+/PA++++],AHC,4.27,"22g / 31,000원"
701,흰감국 보송 선스틱 [SPF50+/PA++++],한율,4.29,"17g / 23,000원"
702,캘리포니아 알로에 보송 선스틱 [SPF50+/PA++++],네이처리퍼블릭,4.25,"24g / 25,000원"
703,알로에 워터톡 선스틱 [SPF50+/PA++++],홀리카홀리카,3.95,"17g / 19,000원"
704,퀵 선스틱 프로텍션 바 [SPF50+/PA++++],아비브,4.18,"22g / 28,000원"
705,산소수 페이스 앤 바디 보송 선스틱 [SPF50+/PA++++],식물나라,4.5,"30g / 17,000원"
706,오마이 선스틱 [SPF50+/PA++++],비욘드,3.88,"19.5g*2 / 30,000원"
707,클리어 선케어 스틱 [SPF50+/PA++++],시세이도,4.1,"20g / 33,000원"
708,내추럴 퍼펙션 프레쉬 선스틱 [SPF50+/PA++++],AHC,3.77,"14g / 30,000원"
709,파워 롱래스팅 선스틱 [SPF50+/PA++++],더페이스샵,4.13,"18g / 20,000원"
710,에코 어스 파워 핑크 선 스틱 [SPF50+/PA++++],더샘,3.82,"17g / 14,000원"
711,엔조이 올라운드 에어리 선스틱 [SPF50+/PA++++],싸이닉,3.77,"25g / 20,000원"
712,에어 라이트 선스틱 [SPF50+/PA++++],라네즈,4.54,"26g / 23,000원"
713,마스터즈 에어 리치 선스틱 [SPF50+/PA++++],AHC,4.89,"14g / 21,000원"
714,오메가 레스큐 선 스틱 [SPF50+/PA++++],엑스와이지 포뮬러,4.06,"25g / 38,000원"
715,에잇아워 크림 썬 디펜스 스틱 [SPF50/PA+++],엘리자베스아덴,3.92,"6.8g / 30,000원"
716,아쿠아밤 [SPF50+/PA++++],가히,4.12,"9g / 39,000원"
717,인텐시브 레져 선스틱 [SPF50+/PA++++],이니스프리,4.39,"18g / 19,000원"
718,허니 모이스트 선 스틱 [SPF50+/PA++++],파파레서피,4.0,"15g / 13,000원"
719,알로에 코튼 선스틱 [SPF50+/PA++++],이지피지,4.5,"15g / 18,000원"
720,산소수 가벼운 수분 선 젤 [SPF50+/PA++++],식물나라,4.44,"60ml / 13,800원"
721,올 어라운드 세이프 블록 아쿠아 선 젤 [SPF50+/PA++++],미샤,4.26,"50ml / 11,800원"
722,UV 아쿠아 리치 워터리 젤 [SPF50+/PA++++],비오레,4.19,90ml / 가격미정
723,셀러스 선 젤 [SPF50+/PA+++],라곰,4.24,"50ml / 25,000원"
724,알로에 워터프루프 선 젤 [SPF50+/PA++++],홀리카홀리카,4.05,"100ml / 14,000원"
725,UV 퍼펙트 에어쿨 선 젤 [SPF50+/PA++++],SNP,4.05,"50ml / 20,000원"
726,퍼펙셔니스트 프로 멀티 디펜스 아쿠아 유브이 젤 [SPF50/PA++++],에스티 로더,3.99,"30ml / 60,000원"
727,마일드-S 모이스쳐 라이트 선 젤 [SPF50+/PA++++],브라운랩,4.24,"45ml / 20,000원"
728,퍼펙트 UV 선스크린 스킨케어 젤 A [SPF50+/PA++++],아넷사,4.06,"90g / 28,000원"
729,엑스트라 UV 젤 [SPF50+/PA++++],알리,4.42,"90g / 28,000원"
730,울트라 라이트 데일리 유브이 디펜스 아쿠아 젤 [SPF50+/PA++++],키엘,4.36,"30ml / 35,000원"
731,UV 프로텍션 프레쉬 선젤 [SPF50+/PA++++],클라뷰,3.82,"50ml / 20,000원"
732,화이트닝 UV 선스크린 젤 A [SPF50+/PA++++],아넷사,4.39,"90g / 28,000원"
733,퓨어 블록 아쿠아 선 젤 [SPF50+/PA+++],어퓨,3.61,"50ml / 7,800원"
734,세라마이드샷 베리어 선케어 [SPF50+/PA++++],앰플엔,3.96,"40ml / 24,000원"
735,큐어 워터 스플래쉬 수딩 선젤 [SPF50+/PA++++],김정문알로에,4.25,"50g / 42,000원"
736,안뗄리오스 더모 페디아트릭스 웻스킨 젤로션 [SPF50+/PA+++],라로슈포제,3.95,"250ml / 38,000원"
737,엑스트라 UV 페이셜 젤 [SPF50+/PA++++],알리,4.19,"60g / 28,000원"
738,비타민 워터리 선젤 [SPF50+/PA++++],브링그린,3.76,"55ml / 14,000원"
739,아쿠아 프로텍션 선 젤 [SPF45/PA++++],인셀덤,4.0,"50ml / 33,000원"
740,그린프로폴리스 올커버리선 [SPF50+/PA++++],씨케이디,4.35,"40ml / 26,000원"
741,스킨 파라다이스 퓨어 모이스처 선 로션 [SPF50+/PA++++],디어달리아,4.33,"100ml / 42,000원"
742,윙크 선 베이스 [SPF50+/PA+++],자빈드서울,4.28,"50g / 20,000원"
743,아임톤업 멀티베이스 [SPF50+/PA+++],선티크,4.1,"50ml / 22,000원"
744,메이크업 선크림 [SPF50+/PA+++],홀리카홀리카,3.93,"60ml / 9,800원"
745,프로텍티브 페이스 베이스 [SPF50/PA+++],바비브라운,3.91,"50ml / 70,000원"
746,포어 애플 선블록 [SPF50+/PA++++],입큰,3.91,"70ml / 28,000원"
747,아줄렌 마일드 UV 톤업 선 프라이머 [SPF50+/PA++++],써메딕플러스,3.84,"50ml / 25,000원"
748,프렙+프라임 페이스 프로텍트 로션 [SPF50/PA+++],맥,3.8,"30ml / 49,000원"
749,멀티 프로텍션 유브이 픽서 [SPF50+/PA+++],문샷,3.75,"40ml / 25,000원"
750,퓨어 블록 톤업 선 베이스 [SPF50+/PA+++],어퓨,3.81,"50ml / 8,000원"
751,선 파우더 로션 [SPF25/PA+++],사바비안,3.87,"35g / 38,000원"
752,글로우2 선 베이스 [SPF50+/PA++++],미샤,3.74,"35ml / 21,000원"
753,멀티 프로텍션 선 크림 [SPF50+/PA+++],이노랩,4.52,"60ml / 41,000원"
754,스테이지 퍼포머 글로우 크리에이터 [SPF30/PA++],슈에무라,3.68,"30ml / 49,000원"
755,데일리 디펜스 멀티 선 크림 [SPF50+/PA++++],일리윤,4.0,"50ml / 19,900원"
756,UV쉴드 선 톤업 베이스 [SPF50+/PA+++],아이오페,3.82,"60ml / 32,000원"
757,블랑 드 펄 UV 베이스 [SPF30/PA+++],겔랑,3.77,"30ml / 85,000원"
758,어반 쉐이드 모이스처 리페어 선 [SPF50+/PA++++],듀이트리,4.0,"50ml / 30,000원"
759,선프라이즈 내추럴 코렉터 [SPF50+/PA+++],에뛰드,3.7,"50g / 9,500원"
760,매직선 [SPF50+/PA+++],스텔비,3.82,"70ml / 19,000원"
761,캄 유브이 블럭 선미스트 [SPF50+/PA++++],데이비,4.8,"75ml / 21,000원"
762,피토 시티 디펜스 선 스프레이 [SPF50+/PA++++],레시피,4.0,"50ml / 8,000원"
763,그린 네츄럴 선스프레이 [SPF50+/PA++++],스포메틱스,3.67,"150ml*2 / 18,900원"
764,윤광 플라워 선 스프레이 로즈 [SPF50+/PA++++],JM솔루션,2.0,"180ml / 38,000원"
765,백설공주 겟아웃 선스프레이 [SPF50+/PA+++],뷰티피플,2.5,"100ml / 30,000원"
766,시카 선 스프레이 [SPF50+/PA+++],VT COSMETICS,3.14,"150ml / 15,000원"
767,쿨 드라이 스포츠 선스크린 브로드 스펙트럼 스프레이 [SPF50+/PA+++],뉴트로지나,3.25,"155g / 23,500원"
768,스킨 디펜스 멀티 프로텍션 훼이스 미스트 [SPF45/PA++],더바디샵,2.0,"60ml / 27,000원"
769,수분가득 썬 스프레이 [SPF29/PA++],시드물,2.5,"50ml / 9,800원"
770,안뗄리오스 안티 샤인 썬 미스트 [SPF50+],라로슈포제,0.0,75ml / 가격미정
771,닥터비타 비타민 선스프레이 [SPF50+/PA++++],데이셀,0.0,"150ml / 25,000원"
772,세이프 선 스프레이 [SPF50+/PA+++],닥터지오,0.0,"120ml / 5,000원"
773,바다제비집 쿨링 선 스프레이 [SPF50+/PA+++],SNP,0.0,"90ml / 15,000원"
774,360 에어젤 [SPF50+/PA++++],헬리오케어,0.0,"60ml / 34,000원"
775,블루 시카 선 스프레이 [SPF50+/PA++++],에이바이봄,0.0,"180ml / 32,000원"
776,웨딩 아쿠아 H20 선스프레이 [SPF50+/PA++++],멀블리스,0.0,"120ml / 26,000원"
777,누드 선 스프레이 [SPF50+/PA+++],위드미,0.0,"100ml / 18,000원"
778,익스트림 스포츠 컨티뉴어스 선스프레이 [SPF50+],오스트레일리안골드,0.0,"177ml / 30,000원"
779,[단종]  버츄 오일 바디 미스트 [SPF30/PA+++],크리니크,0.0,"144ml / 46,000원"
780,태닝오일 스프레이 [SPF8],오스트레일리안골드,4.05,"237ml / 23,000원"
781,다크 태닝 블렌딩 오일,하와이안 트로픽,3.45,"240ml / 13,500원"
782,엑셀러레이터 다크 태닝 스프레이 젤,오스트레일리안골드,3.71,"237ml / 23,000원"
783,인텐시파이어 브론징 드라이 태닝오일 스프레이,오스트레일리안골드,3.71,"237ml / 26,000원"
784,다크 태닝 오일 선스크린 스프레이 [SPF4],하와이안 트로픽,4.0,"240ml / 13,500원"
785,매직 브론즈 셀프태닝 오일 미스트,비엘렌다,4.0,"150ml / 25,000원"
786,엑셀레이터 다크 태닝로션 브론저,오스트레일리안골드,3.0,"237ml / 28,000원"
787,브론즈 리페어 페이스 태닝 크림 [SPF27/PA+++],에스테덤,0.0,"50ml / 110,000원"
788,엑셀러레이터 다크 태닝로션,오스트레일리안골드,0.0,"237ml / 23,000원"
789,다크태닝 스프레이 오일,캐리비안 브리즈,0.0,"250ml / 9,600원"
790,비치파티 태닝오일,아로하트리즈,0.0,"300ml / 10,900원"
791,세븐데이 태너,스키니탠,0.0,125ml / 가격미정
792,그래쥬얼 태너,스키니탠,0.0,125ml / 가격미정
793,[단종]  태닝 오일,터치미,0.0,"130ml / 3,900원"
794,[단종]  셀프 태닝로션,오스트레일리안골드,4.0,"130ml / 23,000원"
795,[단종]  메이크미 고져스 브론즈 태닝오일 [SPF8],더페이스샵,4.0,"150ml / 13,000원"
796,[단종]  딥 태닝오일,바나나보트,3.71,"236ml / 14,900원"
797,[단종]  메이크미 고저스 브론즈 태닝 오일 [SPF8],더페이스샵,0.0,"140ml / 12,900원"
798,[단종]  코코넛 썬탠오일 [SPF6],코코아일랜드,0.0,"125ml / 16,000원"
799,[단종]  OOH LA LA At The Mansion Extreme Hot Tingle Bronzer,플레이보이,0.0,"400ml / 210,000원"
800,수딩 알로에 베라 젤,아로마티카,4.55,"500ml / 16,000원"
801,알로에 99% 수딩 젤,브링그린,4.44,"300ml / 6,800원"
802,알로에 99% 수딩젤,홀리카홀리카,4.33,"250ml / 6,800원"
803,세라마이드 아토 수딩 젤,일리윤,4.37,"175ml / 19,900원"
804,선인장 수딩젤,야다,4.74,"250ml / 14,500원"
805,알로에 99% 촉촉 수딩젤,토니모리,4.32,"250ml / 3,900원"
806,큐어 알로에 수딩젤,김정문알로에,4.36,"150ml / 25,000원"
807,시카 카밍 젤,아로마티카,4.42,"300ml / 10,000원"
808,아임 더 리얼 알로에 99% 수딩 젤,드림웍스,4.24,"300ml / 5,800원"
809,알로에 에센셜 [지성용],시드물,4.17,"165ml / 8,900원"
810,제주 대나무 수딩젤,비욘드,4.16,"270ml / 7,000원"
811,신선한 제주 알로에 수딩젤,더페이스샵,4.07,"300ml / 4,500원"
812,알로에 에센셜 [중건성용],시드물,4.04,"165ml / 8,900원"
813,알로에 베라 96 수딩겔,시드물,4.18,"120ml / 9,600원"
814,신선한 제주 알로에 얼려쓰는 수딩 젤,더페이스샵,4.15,"300ml / 5,000원"
815,티트리 에센셜,시드물,3.95,"165ml / 13,800원"
816,카밍 밸런서 수딩젤,인셀덤,4.29,"100ml / 39,000원"
817,99% 알로에 듬뿍 수딩 젤,에뛰드,3.99,"250ml / 6,000원"
818,알로에 수딩 젤,마녀공장,4.03,"300ml / 25,000원"
819,프로폴리스 수딩 솔루션,이솔,3.9,"70ml / 9,900원"
820,에이리페어 바디 로션,셀라피,4.76,"340ml / 25,000원"
821,비건 컴포트 바디 로션,밴드프로젝트,4.59,"350ml / 24,000원"
822,아토베리어 365 바디크림,에스트라,4.62,"250ml / 30,000원"
823,에코 모이스처 로션,닥터바이오,4.58,"480ml / 20,400원"
824,세라마이드 아토 집중 크림,일리윤,4.41,"200ml / 19,900원"
825,데일리 모이스처 바디 로션,더마비,4.43,"400ml / 16,000원"
826,세라마이드 아토 로션,일리윤,4.42,"350ml / 19,900원"
827,마일드 모이스처 바디 로션,더마비,4.46,"400ml / 15,000원"
828,울트라 모이스처 바디 크림,더마비,4.42,"430ml / 23,000원"
829,스킨 릴리프 모이스춰라이징 로션,아비노,4.31,"354ml / 19,900원"
830,울트라 리페어 로션,일리윤,4.37,"350ml / 19,900원"
831,그린티 허니드롭스 바디크림,엘리자베스아덴,4.4,"500ml / 60,000원"
832,모이스춰라이징 로션,세타필,4.34,"473ml / 19,000원"
833,마다가스카르 병풀 케어 바디크림,시드물,4.42,"200ml / 13,800원"
834,스킨유 크림 로션 [건성 피부용],해피바스,4.34,"400g / 18,900원"
835,바디 버터(파머그래넛),시크릿,4.55,"250ml / 77,200원"
836,모이스처 인 바디 5.0 바디로션,닥터지,4.42,"500ml / 18,000원"
837,아토덤 크림,바이오더마,4.33,"500ml / 36,000원"
838,데일리 모이스춰라이징 로션,아비노,4.26,"354ml / 19,000원"
839,슬리피,러쉬,4.34,"225g / 44,000원"
840,오리지널 프로텍팅 젤리,바세린,4.58,"100ml / 3,200원"
841,바디 오일 모로칸 가드너,헉슬리,4.47,"100ml / 45,000원"
842,마마 비 너리싱 바디 오일,버츠비,4.43,"115ml / 16,000원"
843,데일리 모이스처 바디 오일,더마비,4.24,"200ml / 15,000원"
844,큐어 플러스 크림,김정문알로에,4.17,"80g / 50,000원"
845,레스큐 오인트먼트,버츠비,4.17,"15g / 13,000원"
846,토닉 바디 트리트먼트 오일,클라랑스,4.2,"100ml / 78,000원"
847,마일드 모이스처 밀크 오일,더마비,4.18,"200ml / 15,000원"
848,레몬 앤 비타민 E 바스 앤 바디 오일,버츠비,4.45,"118ml / 24,000원"
849,수딩 오인트먼트,아쿠아퍼,4.07,"50g / 12,000원"
850,인텐시브 베리어 멀티 오일,더마비,4.05,"135ml / 14,000원"
851,윌 앙띠끄 바디오일 [리켄 데코스],불리 1803,4.73,"190ml / 99,000원"
852,아몬드 서플 스킨 오일,록시땅,4.45,"100 ml / 64,000원"
853,모링가 뷰티파잉 오일,더바디샵,4.23,"100ml / 22,000원"
854,퓨어 시어 버터,록시땅,3.96,"150ml / 55,000원"
855,딥 모이스처 바디 오일,비욘드,4.23,"200ml / 25,000원"
856,세서미 바디 오일,뉴트로지나,3.77,"250ml / 17,200원"
857,아로마테라피 시너지 바디오일 메모리즈,린든리브즈,4.43,"250ml / 63,000원"
858,백화유 오리지널,화흥,4.16,"20ml / 16,000원"
859,배리어덤 피셔,유리아쥬,4.4,"40g / 17,000원"
860,시카마누 약산성 바디미스트,파넬,4.28,"150ml / 29,000원"
861,드라이플라워 바디 앤 헤어 미스트 [안개초],라운드어라운드,4.42,"100ml / 9,800원"
862,바디미스트 [아쿠아키스],빅토리아시크릿,4.24,250ml / 가격미정
863,웨딩데이 판타지 바디스프레이,바디판타지,4.2,"94ml / 10,000원"
864,바디미스트 [화이트포션],바디홀릭,4.23,"50ml / 9,900원"
865,바디미스트 [바이올렛포션],바디홀릭,4.3,"50ml / 9,900원"
866,보디 스프레이 [대드스 가든 레몬 트리],러쉬,4.18,"200ml / 50,000원"
867,보디 스프레이 [트와일라잇],러쉬,4.25,"200ml / 50,000원"
868,스톡홀름로즈 파인프라그란스 헤어 & 바디미스트,더프트앤도프트,4.17,"100ml / 13,800원"
869,바디 오 드 뚜왈렛 03,프라도어,4.16,"50ml / 16,000원"
870,소피소피 파인프라그란스 헤어 & 바디미스트,더프트앤도프트,4.24,"100ml / 13,800원"
871,퓨어 프래그런스 바디 스프레이 퍼플 코튼 판타지,바디판타지,4.19,"118ml / 12,000원"
872,드라이플라워 바디 앤 헤어 미스트 [천일홍],라운드어라운드,4.19,"100ml / 9,800원"
873,핑크 포션,바디홀릭,4.22,"50ml / 9,900원"
874,쥬시 플로럴 미스트 [피치 포션],바디홀릭,4.48,"50ml / 9,900원"
875,핑크브리즈 파인프라그란스 헤어 & 바디미스트,더프트앤도프트,4.14,"100ml / 13,800원"
876,시트러스 버베나 바디 스플래쉬,록시땅,4.09,"150ml / 75,000원"
877,클리어 바디미스트,낫포유,4.07,"200ml / 29,900원"
878,퓨어 프래그런스 바디 스프레이 히즈 클린 런더리,바디판타지,4.16,"118ml / 10,000원"
879,퓨어 프래그런스 바디 스프레이 에메랄드 셔벗 판타지,바디판타지,4.1,"118ml / 10,000원"
880,타이거밤 넥앤숄더 크림,타이거밤,4.5,"50g / 12,000원"
881,셀다운 너리싱 크림,얼스레시피,3.79,"200ml / 42,000원"
882,바디슬리밍 핫 테라피 크림,유라인코스메틱,3.9,"120ml / 50,000원"
883,피곤하지 마사지 볼,어퓨,4.23,"1p / 5,000원"
884,버치 셀룰라이트 오일,벨레다,4.36,"100ml / 40,000원"
885,갈바닉 스파 시스템 에이지락바디,뉴스킨,3.55,"용량미정 / 350,000원"
886,업플 C / 업플 D,비바코리아,4.5,"1.20kg / 154,000원"
887,뷔스트 뷰티 로션,클라랑스,3.64,"50ml / 75,000원"
888,크렘 마스벨트,클라랑스,3.57,"200ml / 78,000원"
889,팻 걸 식스팩,블리스,4.25,"150ml / 68,000원"
890,슬림 익스트림 4D 프로페셔널 나이트 리포 쇼크 테라피 슈퍼 컨센트레이티드 안티-셀룰라이트 나이트 세럼,이브라인,4.0,"250ml / 16,900원"
891,바디 리프트 컨트롤,클라랑스,3.4,"200ml / 74,000원"
892,스파클링 부스터,더유핏,5.0,"150ml / 24,900원"
893,바디 핏 엑스퍼트 카피톤,클라랑스,3.6,"200ml / 80,000원"
894,소어 조인트 럽,뱃저,4.5,56g / 가격미정
895,레그 서포터,알자토,5.0,2ea / 가격미정
896,수퍼 레스토러티브 바디 케어,클라랑스,4.5,"200 ml / 92,000원"
897,마사지 핫볼,미스레그,3.75,"50ml / 21,000원"
898,어깨미녀 말랑 크림,베리미,4.0,"100ml / 9,900원"
899,실루엣 고주파 바디관리기,실큰,4.5,"1ea / 590,000원"
900,미네랄 데오드란트 스틱,크리스탈,4.51,"120g / 12,000원"
901,미네랄 데오드란트 롤온 [무향],크리스탈,4.38,"66ml / 8,900원"
902,데오드란트 바디 스프레이,크리스탈,4.24,"118ml / 8,900원"
903,사라사라 파우더시트,비오레,4.22,"10ea / 6,000원"
904,슈퍼 쿨링 파우더 시트 [클린 솝],미스사사,4.13,"15ea / 4,900원"
905,바디 데오 스틱 [무향],프라도어,4.05,"26g / 19,000원"
906,데오프레쉬 바디 프라이머,더마비,4.05,"60ml / 12,000원"
907,데오도란트,이솝,4.41,"50ml / 39,000원"
908,데오드란트 미스트,하이드로퓨갈,4.1,"75ml / 20,000원"
909,데오드란트 미스트 내추럴리굿 그린티,니베아,4.28,"75ml / 11,500원"
910,바디 데오 스틱 [바닐라 파우더리향],프라도어,3.83,"26g / 19,000원"
911,드라이 콤포트 롤온,니베아,3.76,"50ml / 8,200원"
912,데오드란트 롤온 펄 앤 뷰티,니베아,3.8,"50ml / 8,200원"
913,엑스트라 화이트 스틱,니베아,3.66,"40ml / 6,300원"
914,데오드란트 롤온,하이드로퓨갈,4.09,"50ml / 12,000원"
915,데오도란트 두세르,유리아쥬,3.91,"50ml / 15,000원"
916,그린티 크림 데오도런트,엘리자베스아덴,3.91,"40ml / 20,000원"
917,미네랄 데오드란트 롤온 [라벤더&화이트 티],크리스탈,4.07,"66ml / 8,900원"
918,오리지날 데오드란트,도브,3.81,"150ml / 11,500원"
919,드라이 콤포트 스틱,니베아,3.6,"40ml / 9,000원"
920,레그 쿨링젤,랩피토,4.13,"150ml / 14,900원"
921,쿨링 밸런싱 오일 컨센트레이트,아베다,4.23,"7ml / 32,000원"
922,진저 플라이트 테라피,이솝,4.39,"10ml / 36,000원"
923,쿨링볼 [백합향],미스레그,3.77,"50ml / 14,900원"
924,만사쾌신 넥 앤 숄더 크림,마녀공장,4.38,"100ml / 20,000원"
925,레그 쿨링 젤 시트러스,랩피토,4.07,"150ml / 14,900원"
926,스트레스-픽스™ 컨센트레이트,아베다,3.74,"7ml / 32,000원"
927,릴리프,타이거밤,4.5,"25g / 12,000원"
928,에너자이징 에멀젼 포 타이어드 레그스,클라랑스,4.11,"125ml / 41,000원"
929,아로마 릴렉싱 마사지 오일,안나홀츠,4.43,"300ml / 21,000원"
930,쿨링젤,미스레그,4.43,"170ml / 19,900원"
931,쿨링볼 [포도향],미스레그,4.14,"50ml / 14,900원"
932,레그 리프트 레그 크림,오리진스,4.0,"150ml / 37,000원"
933,리커버리 크림,파워풀엑스,4.67,"250ml / 84,000원"
934,모어스키니 여리핏 바디슬리밍 쿨크림,모어벨라,4.67,"130g / 48,000원"
935,라벤더 에센셜 오일+베이스,아베다,4.67,"30ml / 27,000원"
936,레시피 롤링 스틱 조이풀 스페셜 에디션,잇츠스킨,4.33,"10ml / 5,800원"
937,베르가못 에센셜 오일+베이스,아베다,5.0,"30ml / 27,000원"
938,롤온 로션,멘소래담,3.57,"50ml / 9,900원"
939,아로마 릴랙싱 마사지 오일,록시땅,4.25,"100ml / 42,000원"
940,아이깨끗해 항균 폼 핸드솝 [순],라이온,4.6,"250ml / 3,500원"
941,세라마이딘 핸드크림,닥터자르트,4.56,"50ml / 12,000원"
942,레져렉션 아로마틱 핸드 워시,이솝,4.58,"500ml / 50,000원"
943,세라마이드 무향 핸드크림,일리윤,4.53,"50ml / 9,900원"
944,노르딕 버치 핸드 워시,시메스,4.46,"300ml / 16,500원"
945,워킹핸즈 핸드크림 자,오킵스,4.51,"96g / 13,000원"
946,시어 버터 드라이 스킨 핸드 크림,록시땅,4.48,"75ml / 27,000원"
947,핸드 크림 모로칸 가드너,헉슬리,4.45,"30ml / 15,000원"
948,손소독제,퓨렐,4.4,"354ml / 10,900원"
949,클래식 핸드크림 딥 모이스처,비욘드,4.35,"100ml / 12,000원"
950,센서티브 핸드 리페어 & 케어 크림,오이보스,4.42,"75ml / 19,000원"
951,카밀 핸드크림 튜브,허바신,4.32,"75ml / 10,000원"
952,핸드 앤 네일 크림 인텐시브 플러스,카밀,4.4,"50ml / 6,200원"
953,아이깨끗해 항균 폼 핸드솝 [레몬향],라이온,4.38,"250ml / 3,200원"
954,핸드크림 [쏘 희],온호프,4.34,"50ml / 15,000원"
955,핸드 릴리프™,아베다,4.38,"125ml / 40,000원"
956,핸드워시 [만다린망고],메소드,4.45,"354ml / 4,900원"
957,우타카밀 소프트 핸드크림,허바신,4.35,"75ml / 10,000원"
958,티 룸 핸드크림 [플라워티],브링그린,4.31,"30ml / 3,800원"
959,시어 인텐시브 핸드 밤,록시땅,4.32,"150ml / 39,000원"
960,발을씻자 코튼풋샴푸 [프레쉬 레몬 민트],온더바디,4.65,"385ml / 9,900원"
961,발을씻자 코튼풋샴푸 [프레쉬 자몽 민트],온더바디,4.69,"385ml / 9,900원"
962,인텐스 리페어 풋크림,뉴트로지나,4.44,"56g / 8,900원"
963,실버 액티브 풋 데오드란트,한자플라스트,4.38,"150ml / 12,000원"
964,시어 버터 풋 크림,록시땅,4.32,"150ml / 39,000원"
965,풋크림 프리미엄,비단발,4.85,"100ml / 20,000원"
966,로얄젤리 풋 크림,코지화이트,4.51,"100ml / 25,000원"
967,풋 케어 크림,히말라야,4.17,"75g / 9,900원"
968,후레쉬 액티브 풋 데오드란트,한자플라스트,4.26,"150ml / 12,000원"
969,샤이니 풋 슈퍼 필링 리퀴드,토니모리,4.12,"25ml*2 / 8,800원"
970,발샴푸,티타니아,4.11,"300ml / 17,000원"
971,얼음샷 발샴푸,몽블리,3.95,"200ml / 8,600원"
972,우레아9.8 풋 크림,더마비,4.47,"50ml / 8,000원"
973,고운발 크림,웰빙헬스팜,4.81,"110g / 12,000원"
974,풋 릴리프™,아베다,4.52,"125ml / 40,000원"
975,샌드풋파일,티타니아,4.41,"1p / 6,000원"
976,아기발 메이커,몽블리,4.06,"1ea / 12,900원"
977,파라핀 풋마스크,메디힐,4.61,"1p / 3,000원"
978,발을씻자 코튼풋샴푸 [쿨링],온더바디,4.21,"385ml / 9,900원"
979,수안수 실크스킨 풋크림 [레몬 민트],에네스티,4.39,"100g / 7,000원"
980,더 컴포터,러쉬,4.59,"200g / 18,000원"
981,솔티 허니 바디 스크럽,솔테라피,4.6,"250g / 25,000원"
982,오곡 때비누,무궁화,4.61,"100g / 1,000원"
983,스킨유 락토크림 버블워시 [머스크 라벤더],해피바스,4.58,"600ml / 18,900원"
984,유노하나 파우더,유노하나,4.63,"60g / 7,000원"
985,로즈티 바디 스크럽,사봉,4.58,"600g / 63,000원"
986,바디 밸런스 스크럽,플루,4.45,"180g / 20,000원"
987,토탈 리커버리 샤워크림,비욘드,4.44,"250ml / 13,500원"
988,더 올리브 브랜치,러쉬,4.54,"100g / 17,000원"
989,에이리페어 크림 바디워시,셀라피,4.65,"500ml / 15,000원"
990,섹스 밤,러쉬,4.4,"200g / 12,000원"
991,자스민 바디 스크럽,사봉,4.5,"600g / 63,000원"
992,페퍼민트 퓨어 캐스틸 솝,닥터브로너스,4.48,"475ml / 20,000원"
993,브라이트사이드,러쉬,4.46,"200g / 18,000원"
994,로즈 잼,러쉬,4.46,"100g / 19,000원"
995,인터갈락틱,러쉬,4.43,"200g / 17,000원"
996,바디 밸런스 더 프리미엄 에디션,플루,4.4,"180g / 22,000원"
997,써니사이드,러쉬,4.39,"150g / 19,000원"
998,내추럴 스파 사해소금 스크럽 바디워시,벨먼,4.37,"600g / 19,900원"
999,세라마이드 아토 6.0 탑투토워시,일리윤,4.37,"500ml / 14,900원"
1000,화이트 톤업 바디 세럼 [SPF21],나인위시스,4.06,"150ml / 32,000원"
1001,꼬끄 도르 퍼퓸드 쉬머 파우더 바디 & 헤어,겔랑,4.5,"17.5ml / 123,000원"
1002,샤이닝 드레스 크림,코스노리,4.0,"50ml / 24,000원"
1003,로데오 드라이브 페이스 앤 바디 미스트,오프라,5.0,"240ml / 36,000원"
1004,보데나 렉스 스프레이,오샐런스,4.0,"120ml / 12,900원"
1005,마네킹 바디 파운데이션 [SPF22/PA++],낫포유,3.5,"100ml / 26,500원"
1006,훌라 제로 탠 라인 바디 브론저,베네피트,3.67,"147ml / 43,000원"
1007,피브완 플로라 쉬머링 오일,록시땅,3.0,"75ml / 45,000원"
1008,원더렉스,페이스인페이스,3.0,"100ml / 13,000원"
1009,어반 딜라이트 바디 파우더 [로즈],더샘,2.5,"50g / 15,000원"
1010,더 샤인 바디밤,밀키드레스,1.0,"60ml / 35,000원"
1011,테이크 어 픽쳐 잇 래스트 롱거,베네피트,3.3,"42.5g / 46,000원"
1012,쉼미 쉼미,러쉬,2.67,"30g / 12,000원"
1013,스파클링 바디쿠션,라네즈,2.0,"35g / 37,000원"
1014,핑크 판타지 레이디 에센스,디오키드스킨,0.0,"7.5g / 25,000원"
1015,바디 라바 바디 루미나이저,펜티뷰티,0.0,"90ml / 36,000원"
1016,인스턴트 선레스 셀프태닝 로션,오스트레일리안골드,0.0,"177ml / 40,000원"
1017,틴티드 셀프 태닝 바디 미스트,세포라 컬렉션,0.0,"150ml / 19,000원"
1018,뿌리는 스타킹,더유핏,0.0,"130ml / 40,000원"
1019,태닝 메이크업,애리조,0.0,"110ml / 36,000원"
1020,비너스 새틴케어 여성용 면도젤,질레트,4.44,"200ml / 7,000원"
1021,비너스 임브레이스 면도기,질레트,4.41,"1ea / 18,500원"
1022,인튜이션 내추럴 면도기,쉬크,4.29,"1ea / 13,900원"
1023,비너스 스월 면도기,질레트,4.26,"1ea / 20,900원"
1024,비너스 앤 올레이 면도기,질레트,4.34,1ea / 가격미정
1025,인튜이션 석류 여성제모기,쉬크,3.71,"1ea / 13,900원"
1026,인튜이션 아일랜드베리 제모기,쉬크,4.18,"1ea / 13,900원"
1027,인튜이션 쉐어버터 여성용 면도기,쉬크,3.94,"1ea / 10,900원"
1028,스무스 왁스,내추럴룩,3.81,"350g / 25,000원"
1029,왁싱 제모제,슈가스트립이즈,3.72,"250g / 25,900원"
1030,바디 면도기,카이,3.8,3ea / 가격미정
1031,비너스 스파 면도기,질레트,3.73,"2p / 15,200원"
1032,제모젤 클래식,뭄,3.64,"345g / 39,800원"
1033,퓨어 코마치 여성 면도기,카이,3.86,"1ea / 3,500원"
1034,201 하드왁스,바나다왁싱,4.08,"500g / 52,500원"
1035,비너스 엑스트라 스무스 면도기,질레트,4.83,1ea / 가격미정
1036,민감성 바디 제모크림,네어,3.82,"200ml / 15,900원"
1037,트윈 여성용 면도기,빅,3.92,"5ea / 1,700원"
1038,전자렌지용 왁스,왁스앤왁싱,3.91,226g / 가격미정
1039,3중날 휴대용 면도기,노브랜드,4.67,"5p / 1,680원"
1040,S19 바오밥나무오일,톤28,4.47,"100g / 11,000원"
1041,애프터올 리바이탈라이징 샴푸,컨텐트리,4.28,"300ml / 29,800원"
1042,촘촘 매직 샴푸,스킨부탁,4.32,"300ml / 25,000원"
1043,헤리티지 비오틴비타 탈모증상완화 샴푸,려,4.31,"585ml / 21,900원"
1044,탈모증상완화 샴푸 [두피강화],라보에이치,4.14,"400ml / 24,000원"
1045,블루밍 카밍 샴푸,베네자임,4.17,"500ml / 24,000원"
1046,프로틴 클레이 클리닉 샴푸팩,콤마나인,4.46,"500ml / 47,000원"
1047,퍼플 팝 샴푸,라임,4.36,"500ml / 35,000원"
1048,스칼프 딥클 샴푸,두피부,4.15,"300ml / 21,000원"
1049,3D케어시스템 클렌저 샴푸 NO.2,니옥신,4.16,"300ml / 20,000원"
1050,올바른 샴푸바 [중건성용],동구밭,4.37,"100g / 9,500원"
1051,녹차실감 샴푸 [지성용],아모스프로페셔널,4.1,"500g / 28,000원"
1052,안티 댄드러프 샴푸,세바메드,4.17,"200ml / 11,000원"
1053,녹차실감 샴푸 [중건성],아모스프로페셔널,4.13,"500g / 28,000원"
1054,살롱 플러스 클리닉 10 샴푸 [손상 모발용],미쟝센,4.12,"500ml / 12,900원"
1055,씨닉,러쉬,4.1,"55g / 18,000원"
1056,썬트리 샴푸,헤드스파7,4.12,"300ml / 22,000원"
1057,클리닉 샴푸,수아담,4.02,"400ml / 68,000원"
1058,빅,러쉬,4.09,"310g / 35,000원"
1059,새티니크 글로시 리페어 샴푸,암웨이,4.19,"750ml / 31,000원"
1060,컨디셔닝 린스 극손상 케어,팬틴,4.31,"500ml / 10,900원"
1061,애프터올 슬릭 컨디셔너,컨텐트리,4.33,"300ml / 35,000원"
1062,프리즈 이즈 미라큘러스 리커버리 컨디셔너,존프리다,4.27,"250ml / 17,000원"
1063,칼라무스 데미지 가드 노워시 컨디셔너,와이티디,4.37,"150ml / 24,000원"
1064,프로페셔널 디펜스 컨디셔너,비욘드,4.13,"450ml / 29,000원"
1065,데미지 레미디™ 리스트럭처링 컨디셔너,아베다,4.24,"200ml / 38,000원"
1066,데미지케어 컨디셔너,츠바키,4.08,500ml / 가격미정
1067,실크 리페어 컨디셔너 [시그니처],엘라스틴,4.04,"550ml / 9,900원"
1068,마이 헤어 레시피 리페어링 컨디셔너 [손상모발용],이니스프리,4.07,"200ml / 10,000원"
1069,자윤 서향 컨디셔너,리엔,4.18,"500ml / 13,900원"
1070,토탈 리페어5 컨디셔너,로레알파리,3.93,"450ml / 12,000원"
1071,새티니크 스무드 모이스처 컨디셔너,암웨이,4.5,"750ml / 26,000원"
1072,퍼퓸 퓨어브리즈 컨디셔너,엘라스틴,3.84,"600ml / 6,900원"
1073,올바른 린스바,동구밭,4.66,"100g / 9,500원"
1074,러블리 앤 로맨틱 퍼퓸 린스,케라시스,4.26,"600ml / 5,010원"
1075,아메리칸 크림,러쉬,3.79,"100g / 17,000원"
1076,데미지 클리닉 컨디셔너,케라시스,3.79,"750ml / 4,900원"
1077,퍼퓸 컨디셔너 포에버 피오니,미쟝센,4.12,"600ml / 13,000원"
1078,자윤 백단향 컨디셔너,리엔,3.85,"500ml / 13,900원"
1079,퍼펙트 세럼 린스 오리지널,미쟝센,3.96,"680ml / 13,000원"
1080,닥터본드 알엑스 플렉스 No.6 앰플 트리트먼트,이지엔,4.54,"350ml / 25,000원"
1081,리페어포스 키토 트리트먼트,아모스프로페셔널,4.45,250ml / 가격미정
1082,트리트먼트 더 프리미엄,헤드스파7,4.44,"210ml / 50,000원"
1083,살롱 플러스 클리닉 10 트리트먼트 [손상 모발용],미쟝센,4.4,"250ml / 12,900원"
1084,딥 데미지 트리트먼트 EX,어노브,4.41,"207ml / 26,000원"
1085,프리미엄 리페어 마스크,츠바키,4.43,"180g / 16,000원"
1086,울트라 프로틴 리페어 헤어팩,바이브랩,4.35,"200ml / 24,000원"
1087,오트 프로틴 트리트먼트,리비긴,4.35,"120ml / 19,000원"
1088,울트라 프로틴 노워시 앰플 트리트먼트 라이트,힐링버드,4.37,"200ml / 24,000원"
1089,LPP 단백질 트리트먼트 헤어팩,박준뷰티랩,4.38,"1,000ml / 49,000원"
1090,트리트먼트,헤드스파7,4.34,"200ml / 30,000원"
1091,헤어 트리트먼트 미라클 2X,모레모,4.34,"180ml / 15,000원"
1092,퍼펙트 3분 살롱팩,미쟝센,4.3,"300ml / 13,000원"
1093,토탈 리페어 5 인스턴트 미라클 헤어팩,로레알파리,4.23,"170ml / 7,900원"
1094,리커버리 밤 B,모레모,4.26,"120ml / 21,000원"
1095,피노 프리미엄 터치 헤어 마스크팩,시세이도,4.31,230g / 가격미정
1096,퍼펙트 베이스업 에센스,미쟝센,4.46,"230ml / 16,000원"
1097,오리지널 헤어팩 트리트먼트,제이숲,4.27,"1,000ml / 80,000원"
1098,블루밍 리커버리 헤어 밤,베네자임,4.25,"150ml / 15,000원"
1099,드림랭스 노 헤어컷 크림,로레알파리,4.26,"200ml / 18,000원"
1100,폴리젠 씨솔트 스케일러,닥터포헤어,4.47,"300g / 28,000원"
1101,애프터올 스칼프 수딩케어 트리트먼트,컨텐트리,4.31,"120ml / 18,000원"
1102,루트 레미디 스칼프 토닉,커리쉴,4.01,"100ml / 28,000원"
1103,프리미엄 토탈 헤어토닉,테라픽,4.03,"160ml / 45,000원"
1104,클로렐라 베러 루트 헤어토닉,달리프,3.86,"100ml / 24,000원"
1105,스위스 허벌 헤어 토닉,라우쉬,3.83,"200ml / 36,000원"
1106,로즈마리 액티브브이 안티헤어로스 토닉,아로마티카,4.25,"100ml / 22,000원"
1107,얼쓰 테라피 스칼프 퓨리파이어,밸르모나,3.73,"25ml*3 / 24,900원"
1108,스칼프 모이스처라이징 드라이 앰플,두피부,3.86,"250ml / 27,000원"
1109,포티샤 두피 세럼,르네휘테르,4.64,"100ml / 33,000원"
1110,녹차실감 인텐시브 토닉,아모스프로페셔널,4.21,"100ml / 30,000원"
1111,스칼프 모이스처라이징 오일리 앰플,두피부,4.03,"250ml / 27,000원"
1112,클로렐라 베러 루트 쿨링스프레이,달리프,4.14,"100ml / 24,000원"
1113,티테라피 두피팅처,피토더마,3.84,"80ml / 10,900원"
1114,오리지널 헤어 팅크처,라우쉬,4.3,"200ml / 47,000원"
1115,로즈마리 루트 인핸서,아로마티카,4.6,"100ml / 13,000원"
1116,폴리젠 토닉,닥터포헤어,3.81,"120ml / 18,000원"
1117,오투 스칼프 앰플,얼라이브랩,4.69,"25ml*2 / 12,000원"
1118,인바티 어드밴스드™ 스칼프 리바이탈라이저,아베다,3.6,"150ml / 85,000원"
1119,닥터트럽 인텐시브 케어 스칼프 토닉,시드물,3.91,"100ml / 22,400원"
1120,드라이샴푸 [클린&클래식 오리지널],바티스트,4.03,"200ml / 14,500원"
1121,드라이샴푸 [후레쉬],바티스트,3.97,"200ml / 14,500원"
1122,노워시 샴푸,헤드스파7,3.95,"100ml / 25,000원"
1123,드라이샴푸 [프룻티&치키 체리],바티스트,3.95,"200ml / 14,500원"
1124,드라이 샴푸 [프레쉬],코랩,3.93,"200ml / 11,900원"
1125,아쿠아민트 쿨세범 드라이샴푸,클로란,4.3,"150ml / 16,000원"
1126,드라이 샴푸 [프루티],코랩,4.15,"200ml / 11,900원"
1127,드라이샴푸 [플로랄],바티스트,4.0,"200ml / 14,500원"
1128,드라이 샴푸 [오리지널],코랩,5.0,"200ml / 11,900원"
1129,네틀 노세범 드라이 샴푸,클로란,4.09,"150ml / 16,000원"
1130,드라이샴푸 플러스 [헤븐리 볼륨],바티스트,3.51,"200ml / 15,500원"
1131,노웨이팅 드라이샴푸 [프레쉬],퓨어베스,4.07,"200ml / 14,900원"
1132,드라이 샴푸,모로칸오일,4.2,"205ml / 29,000원"
1133,노웨이팅 드라이샴푸 [스위트],퓨어베스,4.0,"200ml / 7,900원"
1134,인스턴트 드라이 샴푸 오리지날,프리맨,4.33,"50g / 7,500원"
1135,원 세컨드 드라이 파우더,더마슨,4.5,"20g / 29,800원"
1136,드라이 샴푸 [파라다이스],코랩,3.56,"200ml / 11,900원"
1137,클릭 프릭 리프레싱 드라이 샴푸,낫유어마더스,4.0,"198ml / 25,000원"
1138,오트밀크 볼륨 픽서 드라이샴푸,클로란,5.0,"150ml / 16,000원"
1139,프로-브이 오리지널 프레시 드라이 샴푸,팬틴,4.0,140g / 가격미정
1140,트리트먼트 오리지날,모로칸오일,4.5,"50ml / 36,000원"
1141,미스 디올 헤어 미스트,디올,4.5,"30ml / 62,000원"
1142,10 블룸오브샤론 헤어 오일,에이르보,4.43,"100ml / 50,000원"
1143,트리트먼트 라이트,모로칸오일,4.42,"50ml / 36,000원"
1144,퍼펙트 베이스업 에센스,미쟝센,4.38,"200ml / 7,500원"
1145,울트라 프로틴 헤어오일 리치,힐링버드,4.34,"100ml / 22,000원"
1146,실키 오일 세럼,커리쉴,4.34,"70ml / 23,000원"
1147,헤어 테라피,시드물,4.27,"150ml / 14,800원"
1148,컬링 에센스 2X,아모스프로페셔널,4.23,"150ml / 12,000원"
1149,레지스턴스 시몽 테르미크,케라스타즈,4.34,"150ml / 57,000원"
1150,엑스트라오디네리 오일 엑스트라 리치,로레알파리,4.21,"100ml / 19,000원"
1151,샹스 오 땅드르 헤어 미스트,샤넬,4.31,"35ml / 67,000원"
1152,시그니처 데미지 케어 컨센트레이트,에스테티카,4.31,"120ml / 27,000원"
1153,소프트닝 컨디셔너,아모스프로페셔널,4.24,"250ml / 8,000원"
1154,엑스트라오디네리 오일 리치,로레알파리,4.2,"100ml / 19,000원"
1155,토탈리페어5 세럼 프로엑스,로레알파리,4.25,"100ml / 14,000원"
1156,헤어비타민 헤어 트리트먼트 [로즈 포엠],엘립스,4.31,"1ml*6 / 3,500원"
1157,인텐스 컬 크림,모로칸오일,4.26,"300ml / 49,000원"
1158,프리즈 이즈 엑스트라 스트렝스 세럼,존프리다,4.2,"50ml / 21,000원"
1159,엑스트라오디네리 보태니컬 오일,로레알파리,4.16,"100ml / 19,000원"
